-- MySQL dump 10.13  Distrib 5.7.17, for Win64 (x86_64)
--
-- Host: 127.0.0.1    Database: jobConvos
-- ------------------------------------------------------
-- Server version	5.5.5-10.4.12-MariaDB-1:10.4.12+maria~bionic

/*!40101 SET @OLD_CHARACTER_SET_CLIENT=@@CHARACTER_SET_CLIENT */;
/*!40101 SET @OLD_CHARACTER_SET_RESULTS=@@CHARACTER_SET_RESULTS */;
/*!40101 SET @OLD_COLLATION_CONNECTION=@@COLLATION_CONNECTION */;
/*!40101 SET NAMES utf8 */;
/*!40103 SET @OLD_TIME_ZONE=@@TIME_ZONE */;
/*!40103 SET TIME_ZONE='+00:00' */;
/*!40014 SET @OLD_UNIQUE_CHECKS=@@UNIQUE_CHECKS, UNIQUE_CHECKS=0 */;
/*!40014 SET @OLD_FOREIGN_KEY_CHECKS=@@FOREIGN_KEY_CHECKS, FOREIGN_KEY_CHECKS=0 */;
/*!40101 SET @OLD_SQL_MODE=@@SQL_MODE, SQL_MODE='NO_AUTO_VALUE_ON_ZERO' */;
/*!40111 SET @OLD_SQL_NOTES=@@SQL_NOTES, SQL_NOTES=0 */;

--
-- Table structure for table `applicationstatus`
--

DROP TABLE IF EXISTS `applicationstatus`;
/*!40101 SET @saved_cs_client     = @@character_set_client */;
/*!40101 SET character_set_client = utf8 */;
CREATE TABLE `applicationstatus` (
  `applicationStatusID` int(11) NOT NULL AUTO_INCREMENT,
  `status` varchar(100) DEFAULT NULL,
  `progression` smallint(6) DEFAULT NULL,
  PRIMARY KEY (`applicationStatusID`)
) ENGINE=InnoDB AUTO_INCREMENT=28 DEFAULT CHARSET=utf8;
/*!40101 SET character_set_client = @saved_cs_client */;

--
-- Dumping data for table `applicationstatus`
--

LOCK TABLES `applicationstatus` WRITE;
/*!40000 ALTER TABLE `applicationstatus` DISABLE KEYS */;
INSERT INTO `applicationstatus` VALUES (1,NULL,0),(2,'have sent resume',5),(3,'preliminary interview complete',15),(4,'position offered',70),(5,'kiss off',65),(6,'preliminary interview scheduled',10),(7,'follow up interview scheduled',22),(8,'follow up interview complete',25),(9,'seems likely',60),(10,'screening call scheduled',20),(11,'not interested',1),(12,'technical interview scheduled',40),(13,'technical interview complete',45),(14,'in person interview scheduled',50),(15,'in person interview complete',55),(16,'take-home test sent to me',30),(17,'take-home test taken',35),(18,'screening call complete',25),(19,'position declined',1000),(20,'position accepted',75),(21,'background check in progress',80),(22,'background check complete',85),(23,'first day scheduled',90),(24,'sent initial inquiry',3),(25,'check again in 3 months',2),(26,'References requested',77),(27,'Ghosted',4);
/*!40000 ALTER TABLE `applicationstatus` ENABLE KEYS */;
UNLOCK TABLES;

--
-- Table structure for table `contactlist`
--

DROP TABLE IF EXISTS `contactlist`;
/*!40101 SET @saved_cs_client     = @@character_set_client */;
/*!40101 SET character_set_client = utf8 */;
CREATE TABLE `contactlist` (
  `contactID` int(11) NOT NULL AUTO_INCREMENT,
  `lastName` varchar(255) DEFAULT NULL,
  `firstName` varchar(255) DEFAULT NULL,
  `needsFollowup` tinyint(4) DEFAULT NULL,
  `email` varchar(255) DEFAULT NULL,
  `phone` varchar(50) DEFAULT NULL,
  `contactType` int(11) DEFAULT NULL,
  `linkedIn` varchar(255) DEFAULT NULL,
  `streetAddressOne` varchar(255) DEFAULT NULL,
  `streetAddress2` varchar(50) DEFAULT NULL,
  `city` varchar(50) DEFAULT NULL,
  `state` varchar(50) DEFAULT NULL,
  `zip` varchar(12) DEFAULT NULL,
  `remark` varchar(1069) DEFAULT NULL,
  `resumeLastSent` date DEFAULT NULL,
  PRIMARY KEY (`contactID`),
  KEY `contactType` (`contactType`),
  CONSTRAINT `contactlist_ibfk_1` FOREIGN KEY (`contactType`) REFERENCES `contacttype` (`contactTypeID`) ON UPDATE CASCADE
) ENGINE=InnoDB AUTO_INCREMENT=148 DEFAULT CHARSET=utf8;
/*!40101 SET character_set_client = @saved_cs_client */;

--
-- Dumping data for table `contactlist`
--

LOCK TABLES `contactlist` WRITE;
/*!40000 ALTER TABLE `contactlist` DISABLE KEYS */;
INSERT INTO `contactlist` VALUES (1,NULL,NULL,NULL,NULL,NULL,NULL,NULL,NULL,NULL,NULL,NULL,NULL,NULL,NULL),(2,'Needleman','Matt',0,'matt@threepillars.com','646.350.4498',1,'http://www.linkedin.com/pub/matt-needleman',NULL,NULL,NULL,NULL,NULL,NULL,NULL),(3,'Dishuk','Missy',0,'missy@threepillars.com','347.479.1131',1,NULL,NULL,NULL,NULL,NULL,NULL,NULL,NULL),(4,'Bentin','Ricardo',0,'ricardo.b@media.net','832.860.3430',2,'https://www.linkedin.com/in/ricardobentin/','45 W 34th Street','Suite 801','New York','NY',NULL,NULL,NULL),(5,'Salmeron','Gabby',0,'gabby@interviewjet.com',NULL,1,NULL,NULL,NULL,NULL,NULL,NULL,NULL,NULL),(6,'Yocum','Sue',0,'sueyocum2008@gmail.com',NULL,3,NULL,NULL,NULL,NULL,NULL,NULL,NULL,NULL),(7,'Moore','Samantha',0,NULL,NULL,1,NULL,'99 Park Avenue','Experis IT','New York','NY','10016',NULL,NULL),(8,'Jose','Jerrin',0,NULL,NULL,2,'https://www.linkedin.com/in/jerrinjose/',NULL,NULL,NULL,NULL,NULL,NULL,NULL),(9,'Scott','Jaimal',0,'jscott@teemagroup.com','678.517.3658',1,'https://www.linkedin.com/in/jaimal-scott-027b7342/',NULL,NULL,NULL,NULL,NULL,NULL,NULL),(10,'Gupta','Pranay',0,'pranay.g@media.net',NULL,2,'https://www.linkedin.com/in/guptapranay/','45 W 34th Street','Suite 801','New York','NY',NULL,'VP of technical solutions at media.net',NULL),(11,'Dhundah','Hannah',0,'hannah@vettery.com',NULL,1,'https://www.linkedin.com/company-beta/3797460/','37 east 18th street','floor 9','New York','New York','10003',NULL,NULL),(12,'Tomko','Marissa',0,'marissa.tomko@hired.com',NULL,1,NULL,NULL,NULL,NULL,NULL,NULL,NULL,NULL),(13,'O\'Neill','Peter',0,'peter@mapssg.com','212.594.9563',1,NULL,'57 W. 38th St','Suite 601','New York','NY','10018','Contact re: JavaScript Engineer at CafeMedia.com',NULL),(14,'Jannicola','Jon',0,'jon.j@media.net','917.414.6435',2,'https://www.linkedin.com/in/jonjannicola/?lipi=urn%3Ali%3Apage%3Ad_flagship3_search_srp_people%3B6U%2B%2FND1DSFqsMo0a0FFGMQ%3D%3D&licu=urn%3Ali%3Acontrol%3Ad_flagship3_search_srp_people-search_srp_result','45 W 34th Street',NULL,NULL,NULL,NULL,'In person interview 2017/06/08',NULL),(15,'Lauretano','Doug',0,'doug.l@media.net',NULL,2,'https://www.linkedin.com/in/douglauretano/?lipi=urn%3Ali%3Apage%3Ad_flagship3_search_srp_people%3B6U%2B%2FND1DSFqsMo0a0FFGMQ%3D%3D&licu=urn%3Ali%3Acontrol%3Ad_flagship3_search_srp_people-search_srp_result','45 W 34th Street',NULL,NULL,NULL,NULL,'In person interview 2017/06/08',NULL),(16,'Dalal','Karan',0,'karan.d@media.net',NULL,2,'https://www.linkedin.com/in/karan-dalal-1409273/?lipi=urn%3Ali%3Apage%3Ad_flagship3_search_srp_people%3B6U%2B%2FND1DSFqsMo0a0FFGMQ%3D%3D&licu=urn%3Ali%3Acontrol%3Ad_flagship3_search_srp_people-search_srp_result','45 W 34th Street',NULL,NULL,NULL,NULL,'In person interview 2017/06/08',NULL),(17,'Lynch','Matt',0,'matt.lynch@mail.cybercoders.com','508.532.7563',1,'https://www.linkedin.com/company-beta/21836/',NULL,NULL,NULL,NULL,NULL,NULL,NULL),(18,'Melone','John',0,NULL,NULL,1,'https://www.linkedin.com/comm/in/johnmelone',NULL,NULL,NULL,NULL,NULL,'LinkedIn - contract role with Time Inc',NULL),(19,'Lawhon','Meagan',0,'meagan.lawhon@adaptive-ca.com','760.814.9532',1,'https://www.linkedin.com/in/meagan-lawhon-9aa589121/?lipi=urn%3Ali%3Apage%3Ad_flagship3_messaging%3B5k3iwOFoTSeBVWP4b%2F%2BYbA%3D%3D&licu=urn%3Ali%3Acontrol%3Ad_flagship3_messaging-topcard',NULL,NULL,NULL,NULL,NULL,'LinkedIn - Inmail',NULL),(20,'Porat','Royi',0,'royi@inner-active.com',NULL,2,'https://www.linkedin.com/in/royiporat/',NULL,NULL,NULL,NULL,NULL,'',NULL),(21,'Klaynman','Will',0,'wklaynman@justworks.com',NULL,2,'https://www.linkedin.com/in/will-klaynman-a9037b1a',NULL,NULL,NULL,NULL,NULL,'Recruiter at JustWorks, one floor above VIANT',NULL),(22,'Schwartz','Liat',0,'Liat@inner-active.com',NULL,1,NULL,NULL,NULL,NULL,NULL,NULL,NULL,NULL),(23,'Bischaia','Mia',0,'mbiscaia@triplelift.com',NULL,1,NULL,NULL,NULL,NULL,NULL,NULL,NULL,NULL),(24,NULL,'Rohit',0,NULL,NULL,2,NULL,NULL,NULL,NULL,NULL,NULL,'HR person who called me from JWPlayer',NULL),(25,'Yi','Jason',0,'jason.yi@consensys.net','732.440.8351',2,'https://www.linkedin.com/in/jasonyiconsensys/',NULL,NULL,NULL,NULL,NULL,NULL,NULL),(26,'Caiazzo','David',0,NULL,NULL,1,NULL,NULL,NULL,NULL,NULL,NULL,'Not sure of name and can\'t find on LikendIn. DId technical interview with me for TripleLift.',NULL),(27,'Stothers','Brian',0,NULL,NULL,1,'https://www.linkedin.com/in/brianstothers',NULL,NULL,NULL,NULL,NULL,'HR at Annalect. Applied via LinkedIn.',NULL),(28,'Tomm','Denise',0,NULL,NULL,2,'https://www.linkedin.com/in/denise-tomm-shrm-cp-4217568/',NULL,NULL,NULL,NULL,NULL,'HR at CafeMedia.',NULL),(29,'Greaves','Evol',0,NULL,NULL,2,'https://www.linkedin.com/in/evolgreaves/',NULL,NULL,NULL,NULL,NULL,NULL,NULL),(30,'Bergin','Greg',0,'greg@sinyc.com','646.759.5113',1,'https://www.linkedin.com/in/greg-bergin-0280b6a0/',NULL,NULL,NULL,NULL,NULL,'Synergy Interactive recruiter',NULL),(31,'McLary','David',0,NULL,NULL,4,NULL,NULL,NULL,NULL,NULL,NULL,NULL,NULL),(32,'Denos','John',0,'john@lauraianuly.com','203.715.0174',1,'https://www.linkedin.com/in/john-denos/',NULL,NULL,NULL,NULL,NULL,'Contract(?) recruiter',NULL),(33,'Vakharia','Vishal',0,'viashal@jooraccess.com','646.367.4682',2,'https://www.linkedin.com/in/vishalvakharia/',NULL,NULL,NULL,NULL,NULL,NULL,NULL),(34,'Voyce','Keagon',0,'4ee1hfs79zne+lj9p@inbound.workablemail.com',NULL,2,NULL,NULL,NULL,NULL,NULL,NULL,NULL,NULL),(35,'Ramirez','Jessica',0,'jessica.ramirez@modis.com','732.529.2022',1,'https://www.linkedin.com/in/jessica-ramirez-ab586620/',NULL,NULL,NULL,NULL,NULL,'Contacted me 7/12 about tech ed job',NULL),(36,'Ahmed','Bulbul',0,NULL,NULL,4,'https://www.linkedin.com/in/bulbul-ahmed-61b8947/',NULL,NULL,NULL,NULL,NULL,NULL,NULL),(37,'DeVita','Mike',0,'',NULL,1,'https://www.linkedin.com/in/mikedevitanyc/',NULL,NULL,NULL,NULL,NULL,NULL,NULL),(38,'Crain','Kim',0,NULL,NULL,2,'https://www.linkedin.com/in/kim-crain-shrm-scp-44b6946/',NULL,NULL,NULL,NULL,NULL,NULL,NULL),(39,'Zaic','Mike',0,NULL,NULL,2,'https://www.linkedin.com/in/mikezaic/',NULL,NULL,NULL,NULL,NULL,NULL,NULL),(40,'Roche','Timothy',0,NULL,NULL,2,'https://www.linkedin.com/in/timothyroche/',NULL,NULL,NULL,NULL,NULL,NULL,NULL),(41,'Marzka','Jeremy',0,NULL,NULL,2,NULL,NULL,NULL,NULL,NULL,NULL,NULL,NULL),(42,'Trent','Ben',0,'btrent@cafemedia.com','646.435.6533',2,'https://www.linkedin.com/in/btrent/',NULL,NULL,NULL,NULL,NULL,NULL,NULL),(43,NULL,'Molly',0,NULL,NULL,2,NULL,NULL,NULL,NULL,NULL,NULL,'Receptionist at JWPlayer. Don\'t have a last name.',NULL),(44,NULL,'Abram',0,NULL,NULL,2,NULL,NULL,NULL,NULL,NULL,NULL,'Interviewer at JW Player. Do not know last name.',NULL),(45,'Bartos','John',0,NULL,NULL,2,'https://www.linkedin.com/in/john-bartos-8b134ba8/',NULL,NULL,NULL,NULL,NULL,'Interviewer at JW Player',NULL),(46,'Ghazzi','Hussam',0,NULL,NULL,2,'https://www.linkedin.com/in/hussamghazzi/',NULL,NULL,NULL,NULL,NULL,'Interviewer at JW Player',NULL),(47,'Mikhyenko','Max',0,NULL,NULL,2,'https://www.linkedin.com/in/max-mikheyenko-b0573831/',NULL,NULL,NULL,NULL,NULL,'Interviewer at JWPlayer',NULL),(48,'Mulgannon','Chris',0,NULL,NULL,2,'https://www.linkedin.com/in/christophermulgannon/',NULL,NULL,NULL,NULL,NULL,'Interviewer at JW Player',NULL),(49,'Hurst','Alicia',0,NULL,NULL,2,'https://www.linkedin.com/in/aliciahurst/',NULL,NULL,NULL,NULL,NULL,'Interviewer at JW Player',NULL),(50,'Schklowsky','Pablo',0,NULL,NULL,2,'https://www.linkedin.com/in/pablo-schklowsky-66b3581/',NULL,NULL,NULL,NULL,NULL,'Interviewer at JW Player',NULL),(51,'D\'Andrea','Jacquie',0,NULL,'516-662-3798',4,'https://www.linkedin.com/in/jacquelyn-d-andrea-845673b8/',NULL,NULL,NULL,NULL,NULL,NULL,NULL),(52,'Felix','Carlos',0,'carlos.felix@33across.com',NULL,2,'https://www.linkedin.com/in/carloshto/',NULL,NULL,NULL,NULL,NULL,NULL,NULL),(53,'Rotella','Ray',0,'raymondrotella@gmail.com',NULL,4,'https://www.linkedin.com/in/ray-rotella-08013327/',NULL,NULL,NULL,NULL,NULL,NULL,NULL),(54,'Grewal','Aman',0,'aman@singlesprout.com','510.316.1965',1,'https://www.linkedin.com/in/aman-g-703796114/',NULL,NULL,NULL,NULL,NULL,NULL,NULL),(55,'Griego','Michael',0,'mike@griegocentral.com','214.552.4372',2,'https://www.linkedin.com/in/mgriego/',NULL,NULL,NULL,NULL,NULL,'Reminds me very much, in both appearance and manner, of Jon Rosenthal',NULL),(56,'Alicea','Marcus',0,'malicea@teksystems.com','321-233-8796',1,'https://www.linkedin.com/in/marcus-alicea-538a2063/',NULL,NULL,NULL,NULL,NULL,NULL,NULL),(57,'Nortman','Jeffrey',0,NULL,'917-232-0138',1,'https://www.linkedin.com/in/jeffnortman/',NULL,NULL,NULL,NULL,NULL,NULL,NULL),(58,'Mann','Lisa',0,'lisa@landover.com','212-759-6400 x 7157',1,'https://www.linkedin.com/in/mannlisa/',NULL,NULL,NULL,NULL,NULL,NULL,NULL),(59,'McVeigh','Devin',0,'devin.mcveigh@andiamogo.com','203.919.3040',1,'https://www.linkedin.com/in/devin-mcveigh-393466111',NULL,NULL,NULL,NULL,NULL,NULL,NULL),(60,'Parrish','Cory',0,NULL,NULL,2,'https://www.linkedin.com/in/coryparrish/',NULL,NULL,NULL,NULL,NULL,NULL,NULL),(61,'Keohane','Kaitie',0,'katie@skillshare.com',NULL,2,NULL,NULL,NULL,NULL,NULL,NULL,'Did not speak to her at AscendNYC, but this is the card I have (I spoke to her associate at that table instead)',NULL),(62,'Palmer','Jordan',0,'jordan@singlesprout.com','818.264.8624',1,'https://www.linkedin.com/in/jordanbpalmer/',NULL,NULL,NULL,NULL,NULL,NULL,NULL),(63,'Levenson','Stu',0,'stu.levenson@updater.com','646.453.7920',1,'https://www.linkedin.com/in/stuart-levenson/',NULL,NULL,NULL,NULL,NULL,'Is in fact at SingleSprout, works in a quasi-consultant capacity with Updater',NULL),(64,'Chawla','Tanya',0,'tanya@cadre.com','714.588.7423',2,'https://www.linkedin.com/in/tanyachawla/',NULL,NULL,NULL,NULL,NULL,NULL,NULL),(65,'Alpert','David',0,'dalpert@datto.com','203.529.4938',2,'https://www.linkedin.com/in/alpertdavid/',NULL,NULL,NULL,NULL,NULL,NULL,NULL),(66,'Cruzat','Liv',0,'Liv@getquip.com',NULL,2,'https://www.linkedin.com/in/oliviacruzat/',NULL,NULL,NULL,NULL,NULL,NULL,NULL),(67,'Schwartz','Allie',0,NULL,NULL,2,'https://www.linkedin.com/in/allie-schwartz-ars/',NULL,NULL,NULL,NULL,NULL,NULL,NULL),(68,'Kagan','Eugene',0,'',NULL,2,'https://www.linkedin.com/in/eugenekagan/',NULL,NULL,NULL,NULL,NULL,NULL,NULL),(69,'Gallagher','Peter',0,'pgallagher@2u.com',NULL,2,'https://www.linkedin.com/in/peter-gallagher-277b2422/',NULL,NULL,NULL,NULL,NULL,NULL,NULL),(70,'Ricciardelli','Steve',0,'steve@updater.com','203.623.1060',2,'https://www.linkedin.com/in/sricc/',NULL,NULL,NULL,NULL,NULL,NULL,NULL),(71,'Escobar','Madison',0,'madison.escobar@updater.com',NULL,2,'https://www.linkedin.com/in/madisonescobar/',NULL,NULL,NULL,NULL,NULL,NULL,NULL),(72,'Chishti','Wasif',0,'wasifchishti@gmail.com','718.877.1965',2,'https://www.linkedin.com/in/wasifchishti/',NULL,NULL,NULL,NULL,NULL,NULL,NULL),(73,'Balbin','Manny',0,'mannybalbin@gmail.com','848-391-6701',2,'https://www.linkedin.com/in/mannybalbin',NULL,NULL,NULL,NULL,NULL,'Looks like Barak Obama. Easygoing guy with a big laugh but gives a tough interview','2019-01-23'),(74,'Wright','Jeann',0,'Jeanne.Wright@sheknows.com','480.237.7100 x 4107',2,'https://www.linkedin.com/in/jeanne-wright-5553802/',NULL,NULL,NULL,NULL,NULL,NULL,NULL),(75,'Park','Preston',0,'prestonpark@kickstartfinder.com',NULL,1,'https://www.linkedin.com/in/prestonpark1/',NULL,NULL,NULL,NULL,NULL,'Had been in touch before I was laid off',NULL),(76,'Lawrence','Adam',0,'a_lawrence@bolt.com',NULL,2,'https://www.linkedin.com/in/aslawrence/',NULL,NULL,NULL,NULL,NULL,'Had been in touch before I was laid off',NULL),(77,'Stewart','Eben',0,'estuart@teemagroup.com','617-945-8657',1,'https://www.linkedin.com/in/ebenstuart/',NULL,NULL,NULL,NULL,NULL,'Had been in touch before I was laid off',NULL),(78,'Gizzi','Angela',0,'angela@vettery.com',NULL,1,'https://www.linkedin.com/in/angelagizzi/',NULL,NULL,NULL,NULL,NULL,'Had been in touch before I was laid off','2019-01-23'),(79,'Cruzat','Liv',0,'liv@knotch.com',NULL,2,'https://www.linkedin.com/in/oliviacruzat/',NULL,NULL,NULL,NULL,NULL,'Had been in touch before I was laid off',NULL),(80,'Temple','James',0,'jamest@veebot.com',NULL,2,'',NULL,NULL,NULL,NULL,NULL,NULL,NULL),(81,'Greinetz','Samuel',0,'',NULL,1,'https://www.linkedin.com/in/samuel-greinetz-003438bb/',NULL,NULL,NULL,NULL,NULL,NULL,NULL),(82,'DAolia','Breanna',0,NULL,NULL,1,'https://www.linkedin.com/in/breanna-d%E2%80%99aloia-125072156/',NULL,NULL,NULL,NULL,NULL,NULL,NULL),(83,'Emms','Pete',0,NULL,NULL,2,'https://www.linkedin.com/in/pete-emms-a466063/',NULL,NULL,NULL,NULL,NULL,'Knows Tom Jennen from Oriel',NULL),(84,'Placa','Alyssa',0,NULL,NULL,1,'https://www.linkedin.com/in/alyssa-placa-918273111/',NULL,NULL,NULL,NULL,NULL,NULL,NULL),(85,'Lee','Jennifer',0,NULL,NULL,2,'https://www.linkedin.com/in/jennifer-lee-039302168/',NULL,NULL,NULL,NULL,NULL,'Lunch Loop, sounds fun. Knows Lenin and Oz.',NULL),(86,'Coyne','Michael',0,NULL,NULL,2,'https://www.linkedin.com/in/michael-j-coyne/',NULL,NULL,NULL,NULL,NULL,NULL,NULL),(87,'Richardson','Raeden',0,'raeden.richardson@andiamogo.com','646-448-9285',1,'https://www.linkedin.com/in/raeden-richardson-775892115/',NULL,NULL,NULL,NULL,NULL,'Should send thank you note',NULL),(88,'Phillips','Amy',0,'aphillips@valencemedia.com',NULL,2,NULL,NULL,NULL,NULL,NULL,NULL,NULL,'2019-01-25'),(89,'Chung','Christine',0,'recruiting@rentfeather.com',NULL,2,NULL,NULL,NULL,NULL,NULL,NULL,'From Feather, an online furniture rental company',NULL),(90,'Lascano-Djesevic','Patssily',0,NULL,NULL,4,'https://www.linkedin.com/in/patssilylascano/',NULL,NULL,NULL,NULL,NULL,NULL,NULL),(91,'Yeko','Jennifer',0,'jenniferyla@gmail.com','310.560.1290',3,'https://www.linkedin.com/in/jenniferyeko/',NULL,NULL,NULL,NULL,NULL,'Needs no introduction','2019-01-25'),(92,'Muhammad','Khurram',0,NULL,NULL,1,'https://www.linkedin.com/in/khurram-muhammad-41b3b434/',NULL,NULL,NULL,NULL,NULL,NULL,NULL),(93,'Shareef','Christina',0,'cshareef@valencemedia.com',NULL,2,'https://www.linkedin.com/in/christinashareef/',NULL,NULL,NULL,NULL,NULL,NULL,NULL),(94,'Landi','Willie',0,NULL,NULL,2,'https://www.linkedin.com/in/william-landi-92715a122/',NULL,NULL,NULL,NULL,NULL,NULL,NULL),(95,'Dunford','Sean',0,NULL,NULL,2,'https://www.linkedin.com/in/sean-dunford-27692741/',NULL,NULL,NULL,NULL,NULL,NULL,NULL),(96,'Abouhazim ','Yassine ',0,NULL,NULL,2,NULL,NULL,NULL,NULL,NULL,NULL,NULL,NULL),(97,'Davis','Sabina',0,NULL,NULL,2,'https://www.linkedin.com/in/sabinadavis1/',NULL,NULL,NULL,NULL,NULL,NULL,NULL),(98,'Basdeo','Kimberly-Ann',0,'kimberly-ann.basdeo@prometheusgm.com',NULL,2,NULL,NULL,NULL,NULL,NULL,NULL,NULL,NULL),(99,'Taraschi','Daniel',0,'dtaraschi@valencemedia.com',NULL,2,'https://www.linkedin.com/in/dan-taraschi-b3307534/',NULL,NULL,NULL,NULL,NULL,'Went to Pitt',NULL),(100,'Olsen','Ted',0,'tolsen@valencemedia.com',NULL,2,'',NULL,NULL,NULL,NULL,NULL,NULL,NULL),(101,'Meppurathu ','Nithin ',0,'nmeppurathu@valencemedia.com ',NULL,2,'https://www.linkedin.com/in/nithinmeppurathu/',NULL,NULL,NULL,NULL,NULL,'Did something with StyleCaster. ',NULL),(102,'Sze','Walter',0,NULL,NULL,2,'https://www.linkedin.com/in/waltersze/',NULL,NULL,NULL,NULL,NULL,'*May* be the new guy I met at interview with Knotch 1/30',NULL),(103,'Ragland','Zach',0,'zach@livefeather.com',NULL,2,'https://www.linkedin.com/in/zacharyragland/',NULL,NULL,NULL,NULL,NULL,'Special projects lead at Feather',NULL),(104,'Malone','Jake',0,'jake@livefeather.com',NULL,2,'https://www.linkedin.com/in/jakemalone/',NULL,NULL,NULL,NULL,NULL,'CTO at Feather',NULL),(105,'Sipes','JD',0,NULL,NULL,2,'https://www.linkedin.com/in/jd-sipes-3977411/',NULL,NULL,NULL,NULL,NULL,NULL,NULL),(106,'Redfarn','Haydn',0,NULL,NULL,2,'https://www.linkedin.com/in/haydnredfarn/',NULL,NULL,NULL,NULL,NULL,NULL,NULL),(107,'Gockel-Figge','William',0,NULL,NULL,1,'https://www.linkedin.com/in/william-gockel-figge-b85b45127/',NULL,NULL,NULL,NULL,NULL,'TekSystems headhunter',NULL),(108,'Fay','Richard',0,'rich@finalist.io',NULL,1,'https://www.linkedin.com/in/rifay/',NULL,NULL,NULL,NULL,NULL,NULL,NULL),(109,'Keenan','John',0,'jkeenan@cpi-search.com','646.246.7070 ',2,'https://www.linkedin.com/in/johnkeenan/?is=5c5b14a50c51f126dc04d1af',NULL,NULL,NULL,NULL,NULL,'','2019-02-07'),(110,'Zloof','Brooke',0,'brooke@singlesprout.com',NULL,1,'https://www.linkedin.com/in/brooke-zloof-38b8646b/',NULL,NULL,NULL,NULL,NULL,'Recruiter from SingleSprout',NULL),(111,'Goldstein','Rachel',0,'rgoldstein@appnexus.com',NULL,2,'https://www.linkedin.com/in/rachel-i-goldstein/?midToken=AQGDSbZRzB74Pg&trk=eml-email_inmail_initial_single_01-null-5-null&trkEmail=eml-email_inmail_initial_single_01-null-5-null-null-4em88~jrtixchl~ho-null-neptune%2Fprofile~vanity%2Eview',NULL,NULL,NULL,NULL,NULL,NULL,NULL),(112,'Salgado','Elcio',0,'esalgado@appnexus.com','917-501-7840',2,'https://www.linkedin.com/in/elcio-salgado-31b3534/',NULL,NULL,NULL,NULL,NULL,'Recruiter from AppNexus (now Xandr)',NULL),(113,'McAuliffe','Kim',0,NULL,NULL,2,NULL,NULL,NULL,NULL,NULL,NULL,NULL,NULL),(114,'Ginsburg','Harlan',0,'hginsburg@atlantic-grp.com','212-271-3096',1,'https://www.linkedin.com/in/harlanrossginsburg/',NULL,NULL,NULL,NULL,NULL,NULL,NULL),(115,'Ibram','Usama',0,NULL,NULL,NULL,'https://www.linkedin.com/in/usama-ibram-368688b5/',NULL,NULL,NULL,NULL,NULL,NULL,'2019-02-07'),(116,'Craig','Rokssana',0,NULL,NULL,2,'https://www.linkedin.com/in/rokssana-sukkur/',NULL,NULL,NULL,NULL,NULL,'From Tenna',NULL),(117,'Chavan','Usha',0,'',NULL,1,'https://www.linkedin.com/in/usha-chavan-903948145/',NULL,NULL,NULL,NULL,NULL,NULL,NULL),(118,'Unknown','Kishan',0,'kishan@silverlinktechnologies.com ','646-810-6468',1,NULL,NULL,NULL,NULL,NULL,NULL,NULL,'2019-02-07'),(119,'Fleming','Susan',0,'sf@sfp8.com','646 285 0700',1,'https://www.linkedin.com/in/susanfleming/',NULL,NULL,NULL,NULL,NULL,NULL,'2019-02-08'),(120,'Storm','Matthew',0,NULL,'(860) 874-8062',1,'https://www.linkedin.com/in/matthewstorm1/',NULL,NULL,NULL,NULL,NULL,NULL,'2020-04-29'),(121,'Wiltshire','Teresa',0,'twiltshire@appnexus.com',NULL,2,'https://www.linkedin.com/in/teresawiltshire/',NULL,NULL,NULL,NULL,NULL,NULL,NULL),(122,'Wicker','Jason',0,'wicjason@audible.com','973-710-4143',2,'https://www.linkedin.com/in/jaywicker/',NULL,NULL,NULL,NULL,NULL,NULL,NULL),(123,'Hammond','Sarah',0,NULL,NULL,2,'https://www.linkedin.com/in/shammond14/',NULL,NULL,NULL,NULL,NULL,NULL,NULL),(124,'Williams','Alan',0,'alan@bighlabs.com','270-205-1417',1,'https://www.linkedin.com/in/alan-williams-844080b2/',NULL,NULL,NULL,NULL,NULL,'Seems not to be as interested in working with me.','2020-04-21'),(125,'Gallagher','Bridget',0,' Bridget.Gallagher@jobspringpartners.com',NULL,1,'https://www.linkedin.com/in/bridget-gallagher-601b2260/',NULL,NULL,NULL,NULL,NULL,NULL,'2020-04-16'),(126,'Bendell','Michael',0,'michael.bendell@billboard.com',NULL,4,'https://www.linkedin.com/in/michaelbendell',NULL,NULL,NULL,NULL,NULL,NULL,NULL),(127,'Sussberg','Drew',0,'drew.sussberg@jobspringpartners.com','(212) 697-5800',1,'https://linkedin.com/in/drewsussberg/',NULL,NULL,NULL,NULL,NULL,NULL,NULL),(128,'Leeming','Jack',0,'jack.leeming@optima-rec.com  ',NULL,1,'https://www.linkedin.com/in/jackleeming/',NULL,NULL,NULL,NULL,NULL,NULL,'2020-04-23'),(129,'Monzon','Joshua',0,NULL,NULL,1,'https://www.linkedin.com/in/joshua-monzon-46771460/',NULL,NULL,NULL,NULL,NULL,NULL,'2020-04-20'),(130,'Hoffheinz','Sophie',0,NULL,NULL,1,'https://www.linkedin.com/in/sophie-hofheinz-97012710b/',NULL,NULL,NULL,NULL,NULL,'Sent me some roles. All React though. Forward to Slack channel?','2020-04-20'),(131,'Miles','Jenn',0,'jenn@singlesprout.com',NULL,1,'https://www.linkedin.com/in/jennifer-miles-95a377132/',NULL,NULL,NULL,NULL,NULL,'Remember to talk about the opportunities these times present for tech.','2020-04-21'),(132,'Mattilsky','Matthew',0,'matt.matilsky@phytontalent.com',NULL,1,'https://www.linkedin.com/in/matthew-matilsky-2213b032/',NULL,NULL,NULL,NULL,NULL,NULL,NULL),(133,'DiFloria','Chris',0,NULL,NULL,1,'https://www.linkedin.com/in/chris-diflorio-73952185/',NULL,NULL,NULL,NULL,NULL,NULL,'2020-04-21'),(134,'Bayon','Chris',0,NULL,'212-843-6871',1,'https://www.linkedin.com/in/chris-bayon-730469115/',NULL,NULL,NULL,NULL,NULL,NULL,NULL),(135,'Tabthong','Tim',0,NULL,NULL,2,'https://www.linkedin.com/in/tim-tabthong/',NULL,NULL,NULL,NULL,NULL,NULL,'2020-04-22'),(136,'Davis','Deidre',0,'deidre.davis@complex.com',NULL,2,'https://www.linkedin.com/in/deidre-davis-b2728034/',NULL,NULL,NULL,NULL,NULL,NULL,NULL),(137,'Glebov','Eugene',0,'',NULL,5,'https://www.linkedin.com/in/yevgeniyg/',NULL,NULL,NULL,NULL,NULL,'VP Marketing Web Operations, Complex',NULL),(138,'Brooker','Edwin',0,'edwin.brooker@venturi-group.com',NULL,1,'https://www.linkedin.com/in/edwin-brooker-0b5b8214a/',NULL,NULL,NULL,NULL,NULL,'Forward name to other BBTHR alum',NULL),(141,'Shambach','Brett',0,'Brett@isgf.com','407.481.9576',1,'https://www.linkedin.com/in/brett-shambach/',NULL,NULL,NULL,NULL,NULL,NULL,'2020-04-27'),(142,'Ahan','Andrea',0,'andrea@narrativ.com',NULL,2,'https://www.linkedin.com/in/andrea-a-093ab645/',NULL,NULL,NULL,NULL,NULL,NULL,'2020-04-28'),(143,'Ball','Jack',0,'jack.ball@unqork.com','781-540-1366',2,NULL,NULL,NULL,NULL,NULL,NULL,NULL,'2020-04-30'),(144,'Eliacin','Paul',0,NULL,NULL,5,'https://www.linkedin.com/in/paul-eliacin-1747bb166/',NULL,NULL,NULL,NULL,NULL,NULL,NULL),(145,'Seyam','Raouf',1,NULL,NULL,5,NULL,NULL,NULL,NULL,NULL,NULL,'Sponsored - may be worth applying',NULL),(146,'Bulua','Meir',0,NULL,NULL,5,'https://www.linkedin.com/in/meirbulua',NULL,NULL,NULL,NULL,NULL,NULL,'2020-04-30'),(147,'Barbarino','Stephanie',1,NULL,NULL,2,'https://www.linkedin.com/in/stephanie-barbarino-63702882',NULL,NULL,NULL,NULL,NULL,NULL,'2020-04-30');
/*!40000 ALTER TABLE `contactlist` ENABLE KEYS */;
UNLOCK TABLES;

--
-- Table structure for table `contacttype`
--

DROP TABLE IF EXISTS `contacttype`;
/*!40101 SET @saved_cs_client     = @@character_set_client */;
/*!40101 SET character_set_client = utf8 */;
CREATE TABLE `contacttype` (
  `contactTypeID` int(11) NOT NULL AUTO_INCREMENT,
  `type` varchar(100) DEFAULT NULL,
  PRIMARY KEY (`contactTypeID`)
) ENGINE=InnoDB AUTO_INCREMENT=6 DEFAULT CHARSET=utf8;
/*!40101 SET character_set_client = @saved_cs_client */;

--
-- Dumping data for table `contacttype`
--

LOCK TABLES `contacttype` WRITE;
/*!40000 ALTER TABLE `contacttype` DISABLE KEYS */;
INSERT INTO `contacttype` VALUES (1,'recruiter'),(2,'employer'),(3,'friend'),(4,'former colleague'),(5,'hiring manager');
/*!40000 ALTER TABLE `contacttype` ENABLE KEYS */;
UNLOCK TABLES;

--
-- Table structure for table `conversationmaintable`
--

DROP TABLE IF EXISTS `conversationmaintable`;
/*!40101 SET @saved_cs_client     = @@character_set_client */;
/*!40101 SET character_set_client = utf8 */;
CREATE TABLE `conversationmaintable` (
  `conversationID` int(11) NOT NULL AUTO_INCREMENT,
  `conversationType` int(11) DEFAULT NULL,
  `conversationDate` date DEFAULT NULL,
  `conversationTime` time DEFAULT NULL,
  `specificPositionID` int(11) DEFAULT NULL,
  `contactID` int(11) DEFAULT NULL,
  `remark` varchar(1069) DEFAULT NULL,
  PRIMARY KEY (`conversationID`),
  KEY `conversationType` (`conversationType`),
  KEY `specificPositionID` (`specificPositionID`),
  KEY `contactID` (`contactID`),
  CONSTRAINT `conversationmaintable_ibfk_1` FOREIGN KEY (`conversationType`) REFERENCES `conversationtype` (`conversationTypeID`) ON UPDATE CASCADE,
  CONSTRAINT `conversationmaintable_ibfk_5` FOREIGN KEY (`specificPositionID`) REFERENCES `specificposition` (`positionID`) ON UPDATE CASCADE,
  CONSTRAINT `conversationmaintable_ibfk_6` FOREIGN KEY (`contactID`) REFERENCES `contactlist` (`contactID`) ON UPDATE CASCADE
) ENGINE=InnoDB AUTO_INCREMENT=506 DEFAULT CHARSET=utf8;
/*!40101 SET character_set_client = @saved_cs_client */;

--
-- Dumping data for table `conversationmaintable`
--

LOCK TABLES `conversationmaintable` WRITE;
/*!40000 ALTER TABLE `conversationmaintable` DISABLE KEYS */;
INSERT INTO `conversationmaintable` VALUES (1,5,'2017-05-17','16:00:00',2,2,NULL),(2,5,'2017-05-18','10:15:00',2,2,NULL),(3,2,'2017-05-19','13:00:00',2,3,'schedule of interview'),(4,5,'2017-05-23','14:00:00',2,4,'recruiter interview'),(5,5,'2017-05-22','18:00:00',2,2,'interview preview'),(6,7,'2017-05-18','13:45:00',3,5,''),(7,7,'2017-05-22','13:40:00',4,6,'contact info for IT recruiter (DOE). Should send thank you note.'),(8,8,'2017-05-22','13:40:00',4,7,'contact info from Sue Yocum in email'),(9,5,'2017-05-23','14:50:00',2,2,'followup call with recruiter re media.net'),(10,2,'2017-05-23','17:15:00',2,4,'phone interview - first round'),(11,7,'2017-05-24','13:12:00',2,4,'Schedule of skype interview for Friday morning'),(12,8,'2017-05-24','13:12:00',2,8,'Mentioned on schedule for skype interview for Friday'),(13,9,'2017-05-26','08:00:00',2,4,'skype interview - 2nd round. needs thank you note. followup to \"keep in touch\"'),(14,9,'2017-05-26','08:00:00',2,8,'skype interview - 2nd round. needs thank you note.'),(15,2,'2017-05-25','13:56:00',3,5,'send email or call on Tuesday 5/30 if no response by eod'),(16,5,'2017-05-26','11:30:00',2,2,'should send thank you note'),(17,7,'2017-05-26','20:30:00',5,9,''),(18,2,'2017-05-30','10:15:00',5,9,'LinkedIn inmail saying I\'m definitely interested'),(19,2,'2017-05-30','09:45:00',2,4,'Thank you note for Skype interview. Reply asking if I would be available next Monday for a Skype interview'),(20,2,'2017-05-30','09:45:00',2,8,'Thank you note for Skype Interview.'),(21,7,'2017-05-30','10:00:00',2,4,'Wants to set up Skype interview for 6/5'),(22,2,'2017-05-30','10:30:00',2,4,'Said I\'m available for Skype Interview'),(23,8,'2017-05-30','10:00:00',2,10,'Pranay would be interviewing me on 6/5'),(24,5,'2017-05-30','15:30:00',5,9,'Client identified as JW player'),(25,2,'2017-05-30','16:00:00',5,9,'sent resume to recruiter; he has said he has forwarded it on.'),(26,7,'2017-04-06','07:04:00',1,11,'recruiter. should get in touch with her.'),(27,7,'2017-05-18','15:26:00',1,12,'recruiter. should get in touch with her.'),(28,9,'2017-06-05','09:30:00',2,4,'Skype interview with Ricarcdo and Pranay.'),(29,9,'2017-06-05','09:30:00',2,10,'Skype interview with Ricardo and Pranay.'),(30,2,'2017-06-05','10:45:00',2,4,'Follow-up email for my availability for in-person interview'),(31,2,'2017-06-05','10:45:00',2,10,'Follow up email for my availability for in-person interview'),(32,3,'2017-06-05','10:30:00',2,2,'Call to Matt Needleman re: in-person interview'),(35,2,'2017-06-05','16:30:00',17,13,'Arrangement of interview with recruiter for 6/9'),(36,5,'2017-06-06','13:00:00',17,13,'Discussion of details around JavaScript Engineer position at cafemedia'),(37,6,'2017-06-08','15:00:00',2,4,'In person interview, should send thank you note'),(38,6,'2017-06-08','15:00:00',2,14,'In person interview, should send thank you note'),(39,6,'2017-06-08','15:30:00',2,15,'In person interview, should send thank you note'),(40,6,'2017-06-08','16:00:00',2,16,'In person interview, should send thank you note'),(41,10,'2017-06-09','20:00:00',5,9,'Setting up time for screening call'),(42,7,'2017-06-09','18:45:00',18,17,'Not interested in email marketing but may be worth following up for other openings'),(43,11,'2017-06-08','20:45:00',19,18,'re: a time inc contractor role for improving load times in their ads'),(44,11,'2017-06-08','20:00:00',20,19,'linkedin re: mobile ad tech developer/client facing'),(45,2,'2017-06-12','13:00:00',2,4,'Thank you for in person interview'),(46,2,'2017-06-12','13:00:00',2,14,'Thank you for in person interview'),(47,2,'2017-06-12','13:00:00',2,15,'Thank you for in person interview'),(48,2,'2017-06-12','13:00:00',2,16,'Thank you for in person interview'),(49,7,'2017-06-12','13:00:00',2,4,'Kiss-off letter'),(50,5,'2017-06-12','14:45:00',5,9,'Pushing interview times to next week'),(51,12,'2017-06-12','15:00:00',20,19,'responded to linkedin message '),(52,5,'2017-06-12','18:15:00',20,19,'call re: inneractive role'),(53,2,'2017-06-13','10:00:00',20,19,'sent resume for inneractive role'),(54,5,'2017-06-13','12:00:00',22,2,'debriefing from media.net, yieldbot position introduced'),(55,13,'2017-06-13','12:30:00',21,1,'online application to triplelift'),(56,13,'2017-06-13','15:30:00',23,1,'online application to wirecutter'),(57,5,'2017-06-13','19:00:00',20,19,'schedule of interview with inneractive'),(58,2,'2017-06-14','12:45:00',5,9,'scheduled screening call. '),(59,9,'2017-06-15','11:00:00',20,20,'initial skype interview with royi - send thank you note'),(60,5,'2017-06-15','12:00:00',20,19,'follow up call with recruiter to skype interview'),(61,2,'2017-06-16','10:45:00',20,20,'thank you note for Royi'),(62,7,'2017-06-16','11:30:00',20,20,'response from Royi where he says he enjoyed talking to me too and should be hearing back from HR in next few days. Ends by wishing me good luck. Hmm.'),(63,2,'2017-06-16','10:45:00',20,19,'let Meagan know I had followed up with a thank you note'),(64,7,'2017-06-16','11:00:00',20,19,'Response from Meagan. She hadn\'t heard back from Royi yet but will let me know ASAP.'),(65,2,'2017-06-16','13:30:00',24,1,'Sent cover letter and resume.'),(66,13,'2017-06-16','14:45:00',25,21,'Applied through LinkedIn.'),(67,7,'2017-06-19','03:00:00',20,22,'Kiss off'),(68,7,'2017-06-19','11:00:00',21,23,'Request to schedule an interview'),(69,13,'2017-06-19','13:15:00',26,1,'Online application'),(70,2,'2017-06-19','14:15:00',21,23,'Filled out online calendar with my availability'),(71,7,'2017-06-19','14:30:00',21,23,'Confirmed interview for 2017/06/22 at 10:30am'),(72,5,'2017-06-21','13:00:00',5,9,'Prep call for interview with JWPlayer'),(73,5,'2017-06-21','15:00:00',5,24,'HR Screening Call with JWPlayer. Turned interview over to questions very early, couldn\'t answer most of my questions. Said \"awesome\" a lot.'),(74,5,'2017-06-21','17:15:00',5,9,'Debriefing with Jaimal. He\'s asked that I send the thank you letter to him and he\'ll forward it to Rohit.'),(75,7,'2017-06-21','11:45:00',20,19,'Kiss off email detailing why I didn\'t make the cut. Not enough mobile, OpenRTB, or MRAID experience.'),(76,7,'2017-06-21','18:15:00',5,1,'Invitation for code test from JW'),(77,5,'2017-06-21','18:30:00',5,9,'Call to Jaimal to let him know I am invited to take the test.'),(78,13,'2017-06-19','16:15:00',27,1,'Online Application'),(79,2,'2017-06-26','10:45:00',25,21,'Scheduling of phone interview with Justworks'),(80,5,'2017-06-26','13:30:00',21,23,'Initial phone interview with TripleLift'),(81,5,'2017-06-26','14:00:00',17,13,'Establishing whether still interested/available for CafeMedia'),(82,4,'2017-06-26','16:30:00',28,25,'Voicemail left about Consensys'),(83,7,'2017-06-27','10:16:00',28,25,'LinkedIn inmail re Consensys'),(84,2,'2017-06-27','12:15:00',28,25,'Responded to Jason re: Consensys'),(85,7,'2017-06-27','11:45:00',21,23,'Set up followup interview'),(86,10,'2017-06-27','11:00:00',5,9,'Jaimal checking in on whether I have taken the coding test for JWPlayer'),(87,5,'2017-06-28','10:00:00',28,25,'Initial call with Jason Yi at Consensys'),(89,2,'2017-06-28','10:30:00',28,25,'Filled out availability for interview'),(90,5,'2017-06-27','17:30:00',5,9,'Debriefing with Jaimal after coding test and availability for in person interview.'),(91,10,'2017-06-27','17:45:00',5,9,'Texted availability for followup interview'),(92,2,'2017-06-27','17:00:00',25,21,'Wrote about need to reschedule - conflict with TripleLift.'),(93,14,'2017-06-27','14:15:00',5,1,'Online coding test through HackerRank'),(94,5,'2017-06-28','10:00:00',28,25,'Call establishing whether we may be interested in eachother'),(95,7,'2017-06-28','10:15:00',28,25,'Scheduling for tech interview - next week'),(99,5,'2017-06-28','15:00:00',21,26,'Tech interview for TripleLift. I do not think this went very well'),(102,15,'2017-06-29','14:00:00',29,27,'LinkedIn easy apply forJavaScript Engineer position at Annalect'),(103,13,'2017-06-29','16:30:00',30,1,'Online application for IAS'),(106,5,'2017-06-30','10:00:00',17,28,'phone screening for position at CafeMedia'),(107,5,'2017-06-30','10:30:00',17,13,'discussion of interview and take-home test'),(108,2,'2017-07-07','20:00:00',17,13,'sent completed take-home test'),(109,7,'2017-07-01','06:30:00',17,13,'Peter sends take-home test for CafeMedia'),(110,7,'2017-06-30','19:45:00',21,23,'kiss off email from Mia'),(111,10,'2017-07-06','17:00:00',5,9,'Scheduling of technical interview with JW player'),(112,2,'2017-07-07','17:00:00',25,21,'Followup/nudge with Will for reschedule'),(113,7,'2017-07-05','10:30:00',28,25,'Request for confirmation for 7/6 interview'),(114,2,'2017-07-05','22:00:00',28,25,'Cofirmation of 7/6 interview'),(115,7,'2017-07-06','11:00:00',28,25,'Last minute request to reschedule interview for time TBD'),(116,5,'2017-07-10','09:30:00',17,13,'re-sent take-home test via dropbox'),(117,10,'2017-07-10','10:00:00',5,9,'Jaimal checkin with me about interview at 1pm'),(118,5,'2017-07-10','13:00:00',5,29,'\"Technical\" interview with Evol Greaves'),(119,5,'2017-07-11','13:30:00',5,9,'Discussing availability for in person interview'),(120,13,'2017-07-10','17:00:00',31,1,'Online application sent to Uber'),(121,11,'2017-07-11','14:00:00',32,30,'Initial LinkedIn contact - company not disclosed.'),(122,2,'2017-07-11','15:00:00',32,30,'Resume sent and time proposed to discuss'),(123,5,'2017-07-11','15:45:00',17,13,'Proposed times for in person interview with CafeMedia'),(124,7,'2017-07-11','15:45:00',32,30,'Confirmation of 10am interview with Greg Bergin'),(125,12,'2017-07-11','17:00:00',33,31,'Pinged David McLary about position'),(126,5,'2017-07-11','17:45:00',17,13,'Time set for 1:30pm with CafeMedia'),(127,7,'2017-07-12','10:00:00',17,13,'Interview time confirmed for 1:30pm with CafeMedia'),(128,5,'2017-07-12','10:00:00',36,32,'Initial discussion of what they\'ve got. More contractor stuff than anything else.'),(129,5,'2017-07-12','11:15:00',33,31,'David McLary response - he does not know whos team this position is with'),(130,5,'2017-07-12','10:00:00',32,30,'Discussion of position available. Is more to do with LAMP/PHP than I\'m likely to be comfortable with.'),(131,2,'2017-07-12','11:30:00',32,30,'Replied that I didn\'t think my PHP/LAMP background would be competitive'),(132,13,'2017-07-12','12:45:00',37,33,'LinkedIn easy apply with cover letter sent via InMail'),(133,13,'2017-07-12','13:15:00',38,1,'LinkedIn easy apply. No contact provided, no cover letter sent.'),(134,7,'2017-07-12','14:00:00',39,30,'Greg Bergin writing about JW Player, which I\'ve been working on for over 6 weeks with Jaimal Scott'),(135,5,'2017-07-12','14:00:00',39,30,'Call to let Greg know that I am already interviewing with JW Player'),(136,7,'2017-07-12','13:30:00',38,34,'Receiver reply to application for 33across'),(137,2,'2017-07-12','15:00:00',38,34,'Response to 33across to set time for initial call'),(138,12,'2017-07-12','15:15:00',40,35,'Initial set up of time to discuss a position in ed tech in Brooklyn'),(139,2,'2017-07-12','15:30:00',38,34,'Scheduled preliminary interview'),(140,12,'2017-07-12','17:00:00',40,35,'Scheduling call with Jessica re: Ed Tech position'),(141,12,'2017-07-12','17:15:00',41,36,'Initial outreach to Bulbul at Torrential'),(142,5,'2017-07-12','16:00:00',36,32,'Call with John Denos about SheKnows'),(143,5,'2017-07-12','17:15:00',40,35,'Initial call with Jessica'),(144,5,'2017-07-13','09:30:00',41,37,'Call about Amplify position'),(145,5,'2017-07-13','11:30:00',38,34,'Initial discussion of position at 33Across. '),(146,4,'2017-07-13','15:30:00',17,13,'Person I should ask for changed - is now Kim Crain'),(147,2,'2017-07-13','17:00:00',38,34,'Waiving the coding test, stating times I\'m available'),(148,2,'2017-07-13','17:30:00',17,13,'Responded to Peter\'s email re: who I\'ll be talking to'),(149,7,'2017-07-14','00:15:00',38,34,'Email indicating that team is shooting for Wednesday'),(150,2,'2017-07-14','10:15:00',38,34,'Courtesy reply to email received at midnight'),(151,2,'2017-07-14','11:15:00',38,34,'Clearing up some apparent confusion - I had written as if this would be an in person interview'),(152,7,'2017-07-14','13:00:00',38,34,'Setting time for screening interview'),(153,2,'2017-07-17','13:15:00',36,32,'Available times for SheKnows interview with hiring manager'),(154,6,'2017-07-14','13:30:00',17,38,NULL),(155,6,'2017-07-14','13:30:00',17,39,'Actually was on company\'s video chat'),(156,6,'2017-07-14','14:00:00',17,40,'Actually was on company\'s video chat'),(157,6,'2017-07-14','14:30:00',17,41,'Actually was on company\'s video chat'),(158,6,'2017-07-14','15:00:00',17,42,NULL),(159,5,'2017-07-14','16:00:00',17,13,'Followup to in-person interview with CafeMedia'),(160,7,'2017-07-17','14:30:00',36,32,'Screening call with SheKnows scheduled'),(161,6,'2017-07-18','13:00:00',5,43,'In person interview at JWPlayer: Receptionist. Offered to order me lunch, gave me a snack basket'),(162,6,'2017-07-18','13:15:00',5,44,'In person interview at JWPlayer: Maze Game'),(163,6,'2017-07-18','13:15:00',5,45,'In person interview at JWPlayer: Maze Game'),(164,6,'2017-07-18','14:00:00',5,46,'In person interview at JWPlayer: Tic Tac Toe'),(165,6,'2017-07-18','14:45:00',5,47,'In person interview at JWPlayer: currency exchange debugging'),(166,6,'2017-07-18','16:00:00',5,29,'In person interview at JWPlayer: viewer engagement tracking'),(167,6,'2017-07-18','16:45:00',5,48,'In person interview at JWPlayer: product management'),(168,6,'2017-07-18','16:45:00',5,49,'In person interview at JWPlayer: product management'),(169,6,'2017-07-18','17:30:00',5,50,'In person interview at JWPlayer: SVP of Engineering'),(170,5,'2017-07-18','18:00:00',5,9,'Followup call to Jaimal after in person interview'),(171,7,'2017-07-19','10:00:00',5,9,'emailed thank you note to Jaimal'),(172,7,'2017-07-19','11:15:00',17,13,'Kiss off email'),(173,2,'2017-07-19','11:45:00',17,13,'Response to kiss off email'),(174,11,'2017-07-18','09:15:00',41,36,'Response from Bulbul - send a resume'),(175,12,'2017-07-19','14:45:00',41,36,'Sent resume to Bulbul'),(176,7,'2017-07-10','14:30:00',5,9,'Received email from Jaimal confirming receipt of thank you note (and stating that he agreed with Karen on her edit).'),(177,7,'2017-07-19','14:30:00',5,9,'confirmation of receipt of thank you note for JW player (and said he agreed with Karen\'s edit)'),(178,12,'2017-07-19','15:45:00',42,51,'Initial outreach to Jacquie'),(179,9,'2017-07-19','16:00:00',38,52,'Screening call - questions about scope, classes'),(180,11,'2017-07-19','16:45:00',41,36,'Response from Bulbul: all quiet on the hiring front'),(181,11,'2017-07-19','17:45:00',42,51,'Response from Jacquie: jobs you have in mind, send resume'),(182,12,'2017-07-20','17:15:00',42,51,'Sent resume and jobs I have in mind to Jacquie'),(183,12,'2017-07-20','17:00:00',43,53,'Initial outreach to Ray Rotella'),(184,11,'2017-07-20','18:30:00',42,51,'Heard back from Jacquie - she will give my resume to her QA director'),(185,11,'2017-07-21','09:00:00',43,53,'Ray has input my resume and \"will spread good vibes\"'),(186,2,'2017-07-21','15:15:00',43,53,'emailed my resume to Ray'),(187,7,'2017-07-21','09:00:00',44,54,'Introductory email from Aman G'),(188,2,'2017-07-21','15:30:00',44,54,'Setting up a time to talk to Aman G'),(189,5,'2017-07-21','15:30:00',36,55,'Screening call for SheKnows'),(190,5,'2017-07-21','17:00:00',36,32,'Followup to screeing call with SheKnows'),(191,12,'2017-07-21','16:30:00',42,51,'Thanked Jacquie and suggested meeting up in person on Wednesday.'),(192,11,'2017-07-21','17:15:00',42,51,'Jacquie said she wasn\'t able to reach her manager today so will try Monday.'),(193,11,'2017-07-22','13:30:00',45,56,'very non-specific message on linkedin about what Marcus can do for me. Wonder if this is where I\'d be expected to pay something'),(194,11,'2017-07-22','13:45:00',46,57,'invitation to ascendNYC event on 7/27'),(195,12,'2017-07-22','14:45:00',46,57,'RSVPed for ascendNYC event on 7/27'),(196,12,'2017-07-24','09:30:00',42,51,'no-worries response to Jacquie - also suggested Watering Hole for Wednesday'),(197,5,'2017-07-24','10:30:00',44,54,'Preliminary interview, in person recruiter conversation scheduled'),(198,2,'2017-07-24','11:00:00',36,32,'Ping John about the coding test details with SheKnows'),(199,11,'2017-07-24','11:00:00',47,51,'Jacquie has sent my resume to What to Expect, a sister company of Ziff Davis.'),(200,12,'2017-07-24','11:30:00',47,51,'Thank-you to Jacquie'),(201,11,'2017-07-24','11:15:00',48,58,'Initial contact from Lisa Mann on LinkedIn'),(202,12,'2017-07-24','11:30:00',48,58,'Reply to Lisa Mann - would be interested in speaking more if it doesn\'t matter that I didn\'t major in CS'),(203,7,'2017-07-24','11:45:00',36,32,'John sends invite for tech test'),(204,2,'2017-07-24','12:15:00',36,32,'Accept invite for SheKnows tech test'),(205,15,'2017-07-24','14:00:00',49,1,'Easy Apply to StriveNine'),(206,13,'2017-07-24','15:00:00',50,1,'Dear Hiring Manager cover letter/resume for discovery channel'),(207,15,'2017-07-24','17:00:00',51,59,'Easy apply plus inmail for Andiamo'),(208,7,'2017-07-24','14:45:00',43,53,'Ray says WebMD has been bought out. Shouldn\'t impact business; I should expect to hear back from them within wo 7/24'),(209,11,'2017-07-24','16:00:00',47,51,'Jacquie says it may be too junior for me - still worth a look.'),(210,7,'2017-07-25','12:30:00',47,51,'Jacquie sent job description'),(211,12,'2017-07-25','09:30:00',47,51,'My response to Jacquie - would be interested in applying'),(212,7,'2017-07-25','08:30:00',54,59,'email clarifying - position is not with Andiamo but one of their clients'),(213,2,'2017-07-25','09:45:00',54,59,'responded - preliminay call scheduled for 4pm today'),(214,11,'2017-07-25','13:00:00',49,60,'Cory Parrish makes initial contactl.'),(215,12,'2017-07-25','22:15:00',49,60,'Reply via LinkedIn'),(216,14,'2017-07-25','14:30:00',36,1,'Coding test for SheKnows'),(217,2,'2017-07-25','18:45:00',36,55,'emailed Michael to notify that test is done, github links sent'),(218,3,'2017-07-25','19:00:00',36,32,'left message with John Denos - followup'),(219,10,'2017-07-26','09:30:00',5,9,'text to Jaimal asking about my status with JW'),(220,10,'2017-07-26','09:30:00',5,9,'Jaimal says he is checking it out'),(221,8,'2017-07-27','13:15:00',52,61,'Actually spoke with her associate at AscendNYC... but hers is the business card they were giving out'),(222,6,'2017-07-26','11:30:00',53,54,'Initial meeting at SingleSprout'),(223,6,'2017-07-26','11:30:00',53,62,'Initial meeting at SingleSprout'),(224,5,'2017-07-26','12:15:00',36,32,'establishing times that would for me for an in-person'),(225,5,'2017-07-26','14:15:00',5,9,'Jaimal tells me I didn\'t get the job. Culturally I\'m a perfect match but they went for another applicant with stronger JavaScript'),(226,5,'2017-07-26','16:00:00',54,59,'Initial call with Devin McVeigh at Andiamo'),(227,7,'2017-07-26','17:15:00',54,59,'Some positions listed, also request for resume update (mention node and react)'),(228,2,'2017-07-27','11:00:00',54,59,'Sent updated resume. Noted typo at Kinko\'s'),(229,5,'2017-07-27','15:00:00',55,63,'Initial (brief) conversation about Updater'),(230,6,'2017-07-27','13:00:00',56,64,'Met at AscendNYC, discussed Cadre. Told her my wife owns a brick of the Empire State Building'),(231,6,'2017-07-27','12:15:00',57,65,'Discussed datto at AscendNYC. Firm is in CT so taking a pass on this for now'),(232,6,'2017-07-27','12:30:00',25,33,'Met Vishal in person, should follow up, seemed impressed that I had remembered what Joor does after my first contact'),(233,6,'2017-07-27','12:00:00',58,66,'Met at AscendNYC. Requires Rails, said I would be in touch in three months when I\'ve got some Rails and/or they need JavaScript'),(234,NULL,NULL,'00:00:00',NULL,NULL,NULL),(235,6,'2017-07-27','12:30:00',59,67,'Initiial meeting re: healthify at AscendNYC. Looking for  Rails'),(236,5,'2017-07-28','10:00:00',60,68,'Will hear back no later than Tuesday. Per Karen the interivew ended \"funny\" when I said \"we all do our best\" as far as the timeline to hear back... and I was just trying to be nice.'),(237,7,'2017-07-27','16:00:00',55,63,'Email to schedule technical interview with Steve'),(238,16,'2017-07-27','16:15:00',55,71,'Meeting with Steve added to my calendar'),(239,9,'2017-07-28','12:30:00',61,69,'Had to switch to Hangouts because we had a hard time hearing eachother on the phone'),(240,17,'2017-07-28','14:00:00',49,60,'was on my calendar to call me however Cory did not call me'),(241,6,'2017-07-28','15:30:00',36,72,'in person interview at SheKnows office'),(242,9,'2017-07-28','15:45:00',36,55,'hangouts conversation with Michael at in person interview with SheKnows'),(243,6,'2017-07-28','16:15:00',36,73,'in person conversation with Manny, SVP Advertising Solutions'),(244,6,'2017-07-28','16:45:00',36,72,'continuation of conversation with Wasif and Michael'),(245,9,'2017-07-28','16:45:00',36,55,'continuation of conversation with Wasif and Michael'),(246,6,'2017-07-28','17:15:00',36,73,'Manny collars me before I get on the elevator. Asks if I have sent the application. I get his business card.'),(247,3,'2017-07-28','17:45:00',36,32,'Left message for John Denos to follow up on the interview'),(248,5,'2017-07-28','19:00:00',36,32,'Spoke to John Denos about in person interview and next steps. There is one person they are considering... who has less ad experience.'),(249,4,'2017-07-28','11:30:00',62,59,'received voicemail saying resume had been sent to Haven Life. This *is* the resume that has the typo, mind you...'),(250,5,'2017-07-30','17:15:00',36,32,'John Denos notifies me of job offer from SheKnows'),(251,11,'2017-07-31','11:00:00',49,60,'Cory Parrish apologized for missing appointment with me'),(252,10,'2017-07-31','10:00:00',55,62,'Let Jordan know that I have found a job at SheKnows... interview cancelled'),(253,10,'2017-07-31','10:00:00',61,62,'Let Jordan know that I have found a job at SheKnows so interviews cancelled'),(254,2,'2017-07-31','10:00:00',51,59,'Let Devin know that I have found a position'),(255,7,'2017-07-31','10:00:01',51,59,'Devin thanks me for letting him know'),(256,7,'2017-07-31','12:15:00',36,74,'Received official offer letter from SheKnows'),(257,2,'2017-07-31','14:00:00',36,74,'Returned all required documents with signatures'),(258,2,'2017-07-31','14:30:00',36,72,'Email to Manny, Michael, and Wasif saying that I am looking forward'),(259,2,'2017-07-31','14:30:00',36,73,'Email to Manny, Michael, and Wasif saying that I am looking forward'),(260,2,'2017-07-31','14:30:00',36,55,'Email to Manny, Michael, and Wasif saying that I am looking forward'),(262,2,'2017-07-31','14:45:00',36,32,'Email to thank John Denos for his help'),(263,7,'2019-01-19','00:00:00',63,76,'Bump of a couple of emails sent earlier'),(264,2,'2019-01-22','12:00:00',63,76,'Response to Adam Lawrence'),(265,11,'2019-01-22','12:00:00',64,83,'LinkedIn connection request'),(268,12,'2019-01-22','12:30:00',64,83,'Responded, interested to learn more about Bibblio'),(269,11,'2019-01-22','12:35:00',64,83,'Thanks for the update, will check my diary. IOW nerp...'),(270,7,'2018-12-14','00:00:00',65,79,NULL),(271,5,'2019-01-22','13:00:00',1,72,'Call with Wasif to commiserate'),(272,2,'2019-01-22','13:55:00',65,79,NULL),(273,7,'2019-01-22','16:21:00',65,79,'Can bypass HR and talk directly with Michel Coyne'),(274,8,'2019-01-22','13:55:00',65,86,NULL),(275,11,'2019-01-22','20:00:00',1,73,'Manny sees my update on LinkedIn and says WTF?'),(276,12,'2019-01-23','10:05:00',1,73,'Hit up Manny on LinkedIn'),(277,7,'2019-01-14','12:00:00',66,87,'Email from Andiamo re: Hulu'),(278,2,'2019-01-23','11:00:00',66,87,'Responded re: Hulu'),(279,11,'2019-01-23','11:15:00',64,83,'Scheduling a call for next week re: Bibblio'),(280,7,'2019-01-02','12:00:00',1,78,'Angela from Vettery initially contacts me'),(281,2,'2019-01-23','11:45:00',1,78,'Responded to Angela re: Vettery, sent resume'),(282,11,'2018-10-26','12:00:00',1,85,'LinkedIn connection request'),(283,7,'2018-12-05','12:00:00',67,80,'Email re: Veebot'),(284,7,'2019-01-23','12:30:00',1,78,'Overview of Vettery scheduled'),(285,7,'2018-12-11','12:00:00',68,77,'Initial email from TeemA re: full stack engineer opening at augmented reality company'),(286,2,'2019-01-23','13:00:00',68,77,'Response to TeemA, did mention working with Matt Needleman on media.net'),(287,7,'2019-01-23','15:30:00',65,79,'Initial call with Michael Coyne scheduled'),(288,8,'2019-01-23','15:30:00',65,86,'Initial call with Michael Coyne scheduled'),(289,5,'2019-01-23','18:30:00',71,73,'Discussion of my selling points particularly as I got them from SheKnows, initial conversation re: Prometheus Global'),(290,7,'2019-01-23','21:45:00',71,88,'Amy contacts me about a phone interview at 1:30pm on Monday.'),(291,11,'2019-01-24','02:35:00',1,85,'Congratulated me for my \'new job\''),(292,7,'2019-01-24','10:00:00',66,87,'Reply, wants to talk to me at 9am 1/25'),(293,2,'2019-01-24','10:45:00',66,87,'Agreed to 9am call for tomorrow'),(294,7,'2019-01-24','11:00:00',72,89,'Would like to chat for 15 minutes.'),(295,2,'2019-01-24','15:15:00',72,89,'My reply to Christine re: Feather'),(296,5,'2019-01-24','15:30:00',65,86,'Phone interview with Michael Coyne re Knotch'),(297,5,'2019-01-25','09:00:00',1,87,'Call with Raeden Richardson. Hulu won\'t work; HBO, Haven Life, and Jet.com are all possibilities.'),(298,7,'2019-01-25','08:30:00',72,89,'Christina asks about my availability on Tuesday afternoon.'),(299,2,'2019-01-25','10:00:00',72,89,'Reply that I am available for a call at either time for Feather preliminary interview.'),(300,2,'2019-01-25','09:15:00',1,87,'Email resume to Raeden Richardson.'),(301,12,'2019-01-25','00:00:00',71,73,'Thanking Manny for connecting me with Amy Phillips at Prometheus'),(302,11,'2019-01-24','18:00:00',1,90,'Connected with Patssily on LinkedIn'),(304,7,'2019-01-25','12:45:00',65,79,'Request for availability for in person interview for Knock'),(305,2,'2019-01-25','13:00:00',65,79,'Responded with availability for next week for in person interview'),(306,7,'2019-01-25','15:30:00',1,91,'Jennifer asking if she can help via her 22000 LinkedIn contacts'),(307,2,'2019-01-25','19:45:00',1,91,'Responded with more info on the kind of jobs I\'m looking for'),(308,5,'2019-01-25','21:15:00',1,91,'Talked to Jennifer on phone'),(309,11,'2019-01-25','20:15:00',1,73,'Manny lets me know about triplebyte'),(310,2,'2019-01-25','10:30:00',72,89,'2pm on Tuesday settled for discussion of Feather position'),(311,2,'2019-01-23','22:00:00',71,88,'Reply that I am available for a 1:30pm conversation on Monday'),(312,7,'2019-01-25','20:15:00',73,88,'Amy contacts me about a second position they have available.'),(313,2,'2019-01-27','14:45:00',73,88,'Ressponds to Amy re: the Front End position.'),(314,13,'2019-01-28','10:00:00',69,1,'Resume sent to dotdash'),(315,13,'2019-01-28','10:15:00',70,1,'Resume sent to daily burn'),(316,5,'2019-01-28','12:40:00',74,92,'Intro conversation on Vettery'),(317,5,'2019-01-28','13:45:00',71,88,'Agreed that we should focus on the front end ad tech'),(318,5,'2019-01-28','13:45:00',73,88,'Detailed discussion of front end ad tech position. Agreed that this is the best choice for me.'),(319,8,'2019-01-28','13:45:00',73,93,'Interview scheduled for 1/29 at 4:30pm'),(320,7,'2019-01-28','15:30:00',65,79,'In person interview scheduled for 1/30 2:00pm'),(321,9,'2019-01-29','11:00:00',64,83,'Discussed Bibblio and possibility of partnership with SHE Media'),(322,8,'2019-01-28','15:30:00',65,94,'Mentioned as a person I would speak to on 1/30'),(323,8,'2019-01-28','15:30:00',65,95,'Mentioned as a person I would speak to on 1/30'),(324,8,'2019-01-28','15:30:00',65,96,'Mentioned as a person I would speak to on 1/30'),(325,8,'2019-01-28','15:30:00',65,97,'Mentioned as a person I would speak to on 1/30'),(326,8,'2019-01-28','15:30:00',65,86,'Mentioned as a person I would speak to on 1/30'),(327,8,'2019-01-29','16:45:00',73,98,'Mentioned in discussing onsite interview'),(328,8,'2019-01-29','16:45:00',73,99,'Mentioned in discussing onsite interview'),(329,8,'2019-01-29','16:45:00',73,100,'Mentioned in discussing onsite interview'),(331,8,'2019-01-29','16:45:00',73,101,'Mentioned in discussing onsite interview'),(332,5,'2019-01-29','16:45:00',73,93,'Nice conversation, got Christina to schedule an onsite interview'),(333,7,'2019-01-29','18:15:00',73,98,'Arranged interview with Valence for 2/4'),(334,6,'2019-01-30','14:30:00',65,94,'Onsite with Knotch'),(335,6,'2019-01-30','14:30:00',65,96,'Onsite with Knotch - Not sure who else from tech I met'),(336,6,'2019-01-30','14:30:00',65,86,'Onsite with Knotch'),(337,6,'2019-01-30','14:30:00',65,95,'Onsite with Knotch - I *think* he was the second guy at the tech interview. Don\'t know for sure who the third guy was...'),(338,7,'2019-01-30','04:50:00',64,83,'Follow up from Pete Emms with meetup info'),(339,5,'2019-01-31','14:00:00',72,89,'Preliminary call about full stack engineer with Knotch. I\'m just getting my feet wet with the technologies they need for this role.'),(340,4,'2019-02-01','10:00:00',65,86,'Kiss-off call'),(341,7,'2019-02-01','11:45:00',65,89,'Request for interview for senior software engineer posiition at Feather (*not* the full stack)'),(342,7,'2019-02-01','14:30:00',70,1,'Position has been closed. Perhaps eliminated before filled?'),(343,7,'2019-02-01','10:30:00',65,79,'Email to follow up kiss off voicemail. Noted I am one of the strongest candidates they have interviewed; got me an invite into finalist.'),(344,6,'2019-02-04','13:00:00',73,98,'Onsite interview with Valence'),(345,6,'2019-02-04','13:00:00',73,99,'Onsite interview with Valence'),(346,6,'2019-02-04','14:00:00',73,100,'Onsite interview with Valence'),(347,6,'2019-02-03','14:15:00',73,101,'Onsite interview with Valence'),(348,7,'2019-02-01','10:15:00',75,89,'Request to schedule interview for senior software engineer at Feather'),(349,7,'2019-02-04','10:00:00',75,103,'Confirmation of interview with Feather'),(350,7,'2019-02-05','11:00:00',75,104,'Request to push interview back by 1 hour'),(351,9,'2019-02-05','13:00:00',75,104,'Interview on Zoom with CTO of Feather'),(352,7,'2019-02-04','11:15:00',76,105,'Possibility raised by Vettery'),(353,7,'2019-02-04','11:00:00',77,106,'Possibility raised by Vettery'),(354,2,'2019-02-05','15:00:00',76,105,'Response with suggested times'),(355,11,'2019-02-05','11:00:00',1,107,'Initial contact from TEKSystems'),(356,7,'2019-02-07','12:00:00',77,106,'Response with suggested times'),(357,2,'2019-02-06','16:00:00',73,98,'Sent references to Valence per request'),(358,7,'2019-02-06','10:45:00',78,1,'Notification of opportunity with Ceros from Finalist'),(359,2,'2019-02-07','12:45:00',78,1,'Indicated interest in Ceros position'),(360,7,'2019-02-06','11:00:00',79,1,'Notification of opportunity with OnDeck from Finalist'),(361,2,'2019-02-07','13:00:00',79,1,'Indicated interest in OnDeck position'),(362,5,'2019-02-06','10:00:00',1,108,'Introductory call re: Finalist. Richard his indicated that their system is brand new and they are still working out some kinks.'),(363,7,'2019-02-06','10:00:00',80,108,'\'Out of flow\' email from Rich Fay re: position at Bitly that hasn\'t been posted yet.'),(364,2,'2019-02-07','13:00:00',80,108,'Replied to Richard Fay indicating my interest in Bitly'),(365,7,'2019-02-06','12:15:00',81,109,'Initial outreach re a lead full stack engineer position at Knotel'),(366,2,'2019-02-07','13:45:00',81,109,'Scheduled conversation with recruiter about this position.'),(367,2,'2019-02-07','14:00:00',81,109,'Sent resume per request'),(368,7,'2019-02-07','11:45:00',82,110,'Initial contact from Brooke at SingleSprout'),(369,2,'2019-02-07','14:00:00',82,110,'Responded to Brooke that I would be interested in talking to her at SingleSprout'),(370,11,'2019-02-06','13:30:00',83,111,'Initial contact from Rachel about position with AppNexus'),(371,2,'2019-02-07','14:30:00',83,111,'Responded with some availabilities next week'),(372,2,'2019-02-07','17:45:00',83,112,'Posted some availabilities for phone interview with AppNexus'),(373,2,'2019-02-07','16:00:00',83,111,NULL),(374,2,'2019-02-07','16:00:00',84,113,'Suppllied available hours for interview with Peloton'),(375,12,'2019-02-07','18:30:00',85,114,'Some availabilities for Monday conversation.'),(376,12,'2019-02-07','18:45:00',86,115,'Reply to Usama Ibram re med tech unicorn'),(377,2,'2019-02-07','19:00:00',87,116,'Asked if we can do an interview the week of 2/21'),(378,12,'2019-02-07','19:15:00',88,117,'Apologized for delay in contact re: Infosys'),(379,12,'2019-02-07','19:15:00',89,117,'Apologized for delay in contact re: Infosys'),(380,2,'2019-02-07','19:15:00',88,118,'Resume sent for Infosys'),(381,2,'2019-02-07','19:15:00',89,118,'Resume sent for Infosys'),(382,12,'2019-02-07','21:45:00',90,119,'Reply to Susan Fleming re serverless architecture'),(383,12,'2019-02-07','22:00:00',91,120,'Reply to Matthew Storm about ad tech opening'),(384,7,'2019-02-08','09:30:00',87,116,'Interview with Tenna scheduled.'),(385,7,'2019-02-08','09:30:00',83,121,'Interview scheduled for AppNexus: Monday at 3pm'),(386,12,'2019-02-08','12:00:00',88,117,'Letting Usha  know that I haven\'t worked with Backbone'),(387,12,'2019-02-08','12:00:00',89,117,'Letting Usha know that I haven\'t worked with Backbone'),(388,5,'2019-02-08','12:30:00',76,105,'Phone interview re Spoken Layer'),(389,7,'2019-02-07','20:45:00',92,122,'Intro message from Jason WIcker re Audible'),(390,2,'2019-02-08','17:25:00',92,122,'Trying to set up some interview times for next week.'),(391,5,'2019-02-08','15:30:00',90,119,'Unlikely as React is a dealbreaker'),(392,12,'2019-02-08','17:45:00',93,123,'Setting up time to discuss SquareSpace'),(393,5,'2019-02-08','18:00:00',91,120,'Discussion of Discovery position. Matt seemed anxious for me not to jump straight into the job at Valence *if I get an offer*'),(394,5,'2019-02-08','21:00:00',73,93,'Accepted job offer'),(395,2,'2019-02-09','22:00:00',73,98,'Email to HR and team about coming in on Monday'),(396,2,'2019-02-09','22:00:00',73,99,'Email to HR and team about coming in on Monday'),(397,2,'2019-02-09','22:00:00',73,100,'Email to HR and team about coming in on Monday'),(398,2,'2019-02-09','22:00:00',73,101,'Email to HR and team about coming in on Monday'),(399,2,'2019-02-09','22:00:00',73,88,'Email to HR and team about coming in on Monday'),(400,2,'2019-02-09','22:00:00',73,93,'Email to HR and team about coming in on Monday'),(401,11,'2020-04-15','20:51:00',94,125,'Request to discuss possiblities with recruiter'),(402,12,'2020-04-16','14:43:00',94,125,'Sent resume via LinkedIn'),(403,11,'2020-04-15','12:00:00',1,126,'Making LinkedIn connection'),(405,12,'2020-04-17','09:00:00',95,126,'Bendell forwarding resume to freestar'),(406,5,'2020-04-17','14:30:00',94,125,'Introductions, will hopefully speak with their JavaScript team'),(407,7,'2020-04-17','15:30:00',94,125,'Introducing more Jobspring colleagues.'),(408,2,'2020-04-17','15:45:00',94,125,'Thanked Bridget for her time'),(409,7,'2020-04-17','15:30:00',96,127,'Letting me know of some positions available'),(410,2,'2020-04-17','15:45:00',96,127,'Responding, tjhink Sourcepopint the better match.'),(411,7,'2020-04-20','07:45:00',97,128,NULL),(412,2,'2020-04-20','14:15:00',97,128,NULL),(413,11,'2020-04-20','18:15:00',98,129,NULL),(414,12,'2020-04-20','14:45:00',98,129,'Said I\'d be interested in arranging a chat.'),(415,11,'2020-04-20','15:00:00',98,129,'Sent full position description to me.'),(416,11,'2020-04-20','15:30:00',99,130,NULL),(417,12,'2020-04-20','16:00:00',99,130,NULL),(418,7,'2020-04-20','16:30:00',1,131,NULL),(419,7,'2020-03-20','07:15:00',100,132,'Sent full position description to me.'),(420,9,'2020-04-21','09:00:00',97,128,'Followup: send cover letter and tweaked resume specifically pointed at requirements for position'),(421,5,'2020-04-20','11:00:00',98,129,'Is forwarding resume to NewtonX hiring manager'),(422,5,'2020-04-21','13:30:00',99,130,NULL),(423,7,'2020-04-21','05:30:00',1,124,NULL),(424,2,'2020-04-21','15:30:00',1,124,NULL),(425,2,'2020-04-21','16:00:00',1,131,NULL),(426,7,'2020-04-21','16:00:00',1,131,'Thanked me for my \'transparency\' and asked for my resume'),(427,2,'2020-04-21','16:00:00',1,131,NULL),(428,11,'2020-04-21','14:00:00',1,133,NULL),(429,12,'2020-04-21','16:15:00',1,133,NULL),(430,7,'2020-04-21','16:30:00',1,124,'Asked me to set up a time'),(431,2,'2020-04-21','16:45:00',1,124,'Set up a time.'),(432,2,'2020-04-21','17:00:00',1,124,'Sent resume'),(433,5,'2020-04-22','11:00:00',101,133,NULL),(434,12,'2020-04-22','12:00:00',99,130,'Sent itunesjs as work sample'),(435,4,'2020-04-22','14:15:00',101,134,NULL),(436,5,'2020-04-22','14:30:00',101,134,NULL),(437,5,'2020-04-22','15:10:00',1,124,'Discussed where I can fit in AdTech without React'),(438,11,'2020-04-22','15:30:00',102,135,'Lets change the way the world does advertising.'),(439,12,'2020-04-22','16:00:00',102,135,'Sent resume'),(440,2,'2020-04-22','16:15:00',1,131,'Discussed Friday conversation'),(441,12,'2020-04-22','20:00:00',102,135,'Interview scheduled for 3pm on Friday'),(442,7,'2020-04-22','16:44:00',103,124,'Sent me 6 different roles'),(443,7,'2020-04-22','16:44:00',104,124,'Sent me 6 different roles'),(444,2,'2020-04-22','20:30:00',103,124,'Indicated interest in Yieldmo role'),(445,2,'2020-04-22','20:30:00',104,124,'Indicated interest in Braze role'),(446,7,'2020-04-23','09:30:00',1,131,'Suggested interview time as 10:30 on Friday'),(447,2,'2020-04-23','11:45:00',1,131,'Interview scheduled for tomorrow at 10:30'),(448,2,'2020-04-22','12:15:00',101,134,'Asked if there were a job description'),(449,7,'2020-04-22','13:00:00',101,134,'Job description sent'),(450,11,'2020-04-23','15:00:00',99,130,'Sophie saying she\'ll get back to me as soon as she has feedback from OKCupid.'),(451,5,'2020-04-23','16:00:00',101,136,'HR Interview'),(452,2,'2020-04-23','17:15:00',101,134,'Follow-up after meeting with Deidre'),(453,7,'2020-04-23','17:15:00',101,136,'Meeting scheduled for 4:30pm tomorrow'),(454,2,'2020-04-23','18:00:00',101,136,'Accepted 4:30 meeting for tomorrow'),(455,2,'2020-04-23','21:00:00',97,128,'Sent cover letter and tweaked resume'),(456,5,'2020-04-24','10:30:00',1,131,'Introduction on phone'),(457,7,'2020-04-24','09:30:00',105,138,NULL),(458,7,'2020-04-24','11:00:00',1,130,'A few more positions... all specifically require React though.'),(459,12,'2020-04-24','13:30:00',102,135,'Tim needed to reschedule because he is not feeling well.'),(460,11,'2020-04-24','15:00:00',102,135,'Tim proposed 4pm on Tuesday'),(461,12,'2020-04-24','15:30:00',102,135,'4pm Tuesday accepted'),(462,9,'2020-04-24','16:30:00',101,137,'94 minute interview with Eugene'),(463,4,'2020-04-27','10:00:00',101,134,'Follow-up on how call with Eugene went'),(464,3,'2020-04-27','12:45:00',101,134,'Left voicemail saying I think the call with Eugene went well'),(465,11,'2020-04-27','10:45:00',1,130,'No response from OKCupid. Asked me about a FAB statement.'),(466,12,'2020-04-27','13:00:00',1,130,'Responded that I should have a FAB by EOD'),(472,2,'2020-04-27','16:00:00',101,134,'Followed up with email '),(473,7,'2020-04-27','16:15:00',101,134,'Chris says he had followed up with Complex; perhaps we would hear more tomorrow'),(474,11,'2020-04-27','16:00:00',107,141,'Asked to set up a time to discuss opportunity'),(475,12,'2020-04-27','16:30:00',107,141,'Set up 10:30 tomorrow to discuss position'),(476,12,'2020-04-27','15:30:00',1,130,'FAB sent'),(477,7,'2020-04-28','05:30:00',103,124,'Yieldmo not hiring for this position'),(478,7,'2020-04-28','05:30:00',104,124,'Braze not hiring for this position'),(479,7,'2020-04-28','10:00:00',108,120,'Matt Storm emailing me about position'),(480,5,'2020-04-28','10:30:00',107,141,'Introduction and discussed position'),(481,7,'2020-04-28','10:45:00',107,141,'Sent me job description'),(482,2,'2020-04-28','11:15:00',107,141,'Indicated interest in position'),(483,12,'2020-04-28','11:30:00',108,120,'Replied that I am interested'),(484,7,'2020-04-28','11:45:00',108,120,'Time set for 10am tomorrow'),(485,7,'2020-04-27','21:45:00',109,142,'Expressed interest in talking to me'),(486,2,'2020-04-27','12:15:00',109,142,'Schduled interview'),(487,7,'2020-04-28','13:30:00',110,143,'Jack saying I might be a good fit with my skillset.'),(488,2,'2020-04-28','15:00:00',110,143,'Expressed my curiosity and interest in interview Thursday afternoon.'),(489,11,'2020-04-28','00:00:15',111,144,'Indicating that my skillset matches the position they have in mind... whatever it might be.'),(490,12,'2020-04-28','15:30:00',111,144,'Replied that I would be interested'),(491,5,'2020-04-28','16:00:00',102,135,'Discussed position. Next step is an application for me to fill out.'),(492,5,'2020-04-29','10:00:00',108,120,'Discussed position with NBA'),(493,2,'2020-04-29','11:00:00',108,120,'Arranged time for follow up call, sent resume'),(494,7,'2020-04-29','14:00:00',101,134,'Kiss-off from Complex: overqualified.'),(495,5,'2020-04-28','16:30:00',109,142,'Preliminary interview'),(496,2,'2020-04-29','12:15:00',102,135,'Let Tim know I\'ve completed the application and updated the resume'),(497,7,'2020-04-29','17:45:00',102,135,'Apparently I forgot to take an interests survey.'),(498,2,'2020-04-29','20:00:00',102,135,'Let Tim know I have completed survey.'),(499,11,'2020-04-29','21:00:00',112,146,'Initial outreach re: Enthusiast Gaming'),(500,5,'2020-04-30','13:15:00',110,143,'Discussed role at unqork.'),(501,2,'2020-04-30','13:30:00',110,143,'Sent resume'),(502,12,'2020-04-30','14:45:00',112,146,'Expressed interest in the role and sent resume'),(503,11,'2020-04-30','16:15:00',113,147,'First contact re front end job in sports gambling'),(504,12,'2020-04-30','16:45:00',113,147,'Expressed interest in the role and sent resume.'),(505,7,'2020-05-02','13:45:00',113,1,'Kiss off email');
/*!40000 ALTER TABLE `conversationmaintable` ENABLE KEYS */;
UNLOCK TABLES;

--
-- Table structure for table `conversationtype`
--

DROP TABLE IF EXISTS `conversationtype`;
/*!40101 SET @saved_cs_client     = @@character_set_client */;
/*!40101 SET character_set_client = utf8 */;
CREATE TABLE `conversationtype` (
  `conversationTypeID` int(11) NOT NULL AUTO_INCREMENT,
  `type` varchar(100) DEFAULT NULL,
  `contactLevel` smallint(6) DEFAULT NULL,
  PRIMARY KEY (`conversationTypeID`)
) ENGINE=InnoDB AUTO_INCREMENT=18 DEFAULT CHARSET=utf8;
/*!40101 SET character_set_client = @saved_cs_client */;

--
-- Dumping data for table `conversationtype`
--

LOCK TABLES `conversationtype` WRITE;
/*!40000 ALTER TABLE `conversationtype` DISABLE KEYS */;
INSERT INTO `conversationtype` VALUES (1,NULL,NULL),(2,'sentEmail',30),(3,'left voicemail message',20),(4,'received voicemail message',15),(5,'spokeOnPhone',35),(6,'metInPerson',50),(7,'receivedEmail',25),(8,'personMentioned',1),(9,'skype or similar',45),(10,'text message thread',33),(11,'linkedIn message received',5),(12,'linkedIn message sent',10),(13,'online application',3),(14,'online test',40),(15,'linkedIn easy apply',2),(16,'meeting added to my calendar',34),(17,'missed appointment',0);
/*!40000 ALTER TABLE `conversationtype` ENABLE KEYS */;
UNLOCK TABLES;

--
-- Table structure for table `employer`
--

DROP TABLE IF EXISTS `employer`;
/*!40101 SET @saved_cs_client     = @@character_set_client */;
/*!40101 SET character_set_client = utf8 */;
CREATE TABLE `employer` (
  `employerID` int(11) NOT NULL AUTO_INCREMENT,
  `name` varchar(255) DEFAULT NULL,
  `remarks` varchar(2000) DEFAULT NULL,
  PRIMARY KEY (`employerID`)
) ENGINE=InnoDB AUTO_INCREMENT=85 DEFAULT CHARSET=utf8;
/*!40101 SET character_set_client = @saved_cs_client */;

--
-- Dumping data for table `employer`
--

LOCK TABLES `employer` WRITE;
/*!40000 ALTER TABLE `employer` DISABLE KEYS */;
INSERT INTO `employer` VALUES (1,NULL,NULL),(2,'media.net',NULL),(3,'Department of Education',NULL),(4,'JW Player',NULL),(5,'vimeo',NULL),(6,'okcupid',NULL),(7,'dotdash',NULL),(8,'CafeMedia',NULL),(9,'Time Inc',NULL),(10,'Inneractive',NULL),(11,'TripleLift',NULL),(12,'YieldBot','Has gone out of business'),(13,'wirecutter',NULL),(14,'Temboo',NULL),(15,'JustWorks',NULL),(16,'NYC Department of Sanitation',NULL),(17,'NYC Department of Transit',NULL),(18,'Consensys',NULL),(19,'Annalect',NULL),(20,'Integral Ad Science',NULL),(21,'Uber',NULL),(22,'NBCUniversal',NULL),(23,'SoulCycle',NULL),(24,'SheKnows',NULL),(25,'JOOR Access',NULL),(26,'33Across',NULL),(27,'Amplify',NULL),(28,'Torrential',NULL),(29,'Ziff Davis',NULL),(30,'WebMD',NULL),(31,'What To Expect',NULL),(32,'StriveNine',NULL),(33,'Discovery Communications',NULL),(34,'Andiamo Partners',NULL),(35,'skillshare',NULL),(36,'Updater',NULL),(37,'Cadre',NULL),(38,'Datto','Is in CT'),(39,'Quip','Meeting/collaboration software. Needs Rails, may be worth eventual followup'),(40,'Voray','Sounds like meetup on steroids. Needs rails experience, don\'t have any contact info after AscendNYC'),(41,'Healthify','Looking for Rails'),(42,'Elysium Health','First thought is they\'re selling snake oil. Worth noting though that numerous nobel laureates and medical luminaries are on their scientific advisory board'),(43,'2U','Mark Lazen works there, many in the company know others from eschool'),(44,'Haven Life',NULL),(45,'Bolt','Online payment company'),(46,'Bibblio','Content recommendation solutions. Not on glassdoor'),(47,'Knotch','Data representation. Has Work From Bar Fridays(!)'),(48,'Hulu',NULL),(49,'LunchLoop','Site doesn\'t say they\'re hiring and they\'re not on glass door. Just keeping on radar.'),(50,'Veebot','Medical IV injection robotics. Not on glassdoor, LinkedIn, or anything like that. Also not hiring for anything I\'d be  qualified to do.'),(51,'TBD: Augmented Reality',NULL),(52,'Daily Burn','IAC'),(53,'Valence','Raised by Manny. For various corporate reasons I should refer to the company as Valence'),(54,'Feather','Online furniture renter. Is in DUMBO'),(55,'SpokenLayer','Works with audio files. Advertising. Powering Meredith. Not on glassdoor.'),(56,'Leverton','Extracts data from documents'),(57,'Ceros',NULL),(58,'onDeck',NULL),(59,'Bitly',NULL),(60,'Knotel',NULL),(61,'Xandr','Previously AppNexus'),(62,'Peloton','Makes exercise bike software'),(63,'Tenna','Internet of Things/Logistics'),(64,'InfoSys',NULL),(65,'Audible.com','Amazon company'),(66,'SquareSpace',NULL),(67,'Freestar','Purely an ad tech company'),(68,'Sourcepoint',NULL),(69,'Crossix','Front End/UI role at health care co'),(70,'NewtonX','Search co interested in front end dev'),(71,'TBD from Venturi','Lead Full Stack Engineer position'),(72,'DoubleVerify','Is actually Google, no?'),(73,'Complex Media',NULL),(74,'Amazon',NULL),(75,'Yieldmo',NULL),(76,'Braze',NULL),(78,'Affinity',NULL),(79,'National Basketball Association ','Sports organization'),(80,'Narrativ',NULL),(81,'Unqork','Position Jack Ball wants to talk to me about'),(82,'Up in Harlem',NULL),(83,'Enthusiast Gaming',NULL),(84,'William Hill Sports Book',NULL);
/*!40000 ALTER TABLE `employer` ENABLE KEYS */;
UNLOCK TABLES;

--
-- Table structure for table `employerrecruitersites`
--

DROP TABLE IF EXISTS `employerrecruitersites`;
/*!40101 SET @saved_cs_client     = @@character_set_client */;
/*!40101 SET character_set_client = utf8 */;
CREATE TABLE `employerrecruitersites` (
  `siteID` int(11) NOT NULL AUTO_INCREMENT,
  `url` varchar(1069) DEFAULT NULL,
  `recruiterid` int(11) DEFAULT NULL,
  `employerID` int(11) DEFAULT NULL,
  `remarks` varchar(1069) DEFAULT NULL,
  PRIMARY KEY (`siteID`),
  KEY `employerid` (`employerID`),
  KEY `recruiterid` (`recruiterid`),
  CONSTRAINT `employerrecruitersites_ibfk_1` FOREIGN KEY (`employerID`) REFERENCES `employer` (`employerID`) ON UPDATE CASCADE,
  CONSTRAINT `employerrecruitersites_ibfk_2` FOREIGN KEY (`recruiterid`) REFERENCES `recruiter` (`recruiterID`) ON UPDATE CASCADE
) ENGINE=InnoDB AUTO_INCREMENT=7 DEFAULT CHARSET=utf8;
/*!40101 SET character_set_client = @saved_cs_client */;

--
-- Dumping data for table `employerrecruitersites`
--

LOCK TABLES `employerrecruitersites` WRITE;
/*!40000 ALTER TABLE `employerrecruitersites` DISABLE KEYS */;
INSERT INTO `employerrecruitersites` VALUES (1,'http://www.experisjobs.us/experisjobs.htm',4,NULL,'Sue Yocum mentioned as a good place for DOE jobs. Very broad range, jobs are rather niche.'),(2,'http://schools.nyc.gov/Careers/default.htm',NULL,3,NULL),(3,'http://www1.nyc.gov/jobs/index.page',NULL,NULL,NULL),(4,'https://boards.greenhouse.io/vimeo#.WTHAQWjytPa',NULL,5,'Site with job postings at Vimeo'),(5,'http://jobs.jobvite.com/careers/okcupid/jobs',NULL,6,'Site with job positings at OKCupid'),(6,'http://jobs.jobvite.com/careers/dotdash/jobs',NULL,7,'Site with job postings at DotDash');
/*!40000 ALTER TABLE `employerrecruitersites` ENABLE KEYS */;
UNLOCK TABLES;

--
-- Table structure for table `recruiter`
--

DROP TABLE IF EXISTS `recruiter`;
/*!40101 SET @saved_cs_client     = @@character_set_client */;
/*!40101 SET character_set_client = utf8 */;
CREATE TABLE `recruiter` (
  `recruiterID` int(11) NOT NULL AUTO_INCREMENT,
  `name` varchar(255) DEFAULT NULL,
  `remarks` varchar(2000) DEFAULT NULL,
  PRIMARY KEY (`recruiterID`)
) ENGINE=InnoDB AUTO_INCREMENT=35 DEFAULT CHARSET=utf8;
/*!40101 SET character_set_client = @saved_cs_client */;

--
-- Dumping data for table `recruiter`
--

LOCK TABLES `recruiter` WRITE;
/*!40000 ALTER TABLE `recruiter` DISABLE KEYS */;
INSERT INTO `recruiter` VALUES (1,NULL,NULL),(2,'Three Pillars',NULL),(3,'InterviewJet',NULL),(4,'Experis IT',NULL),(5,'TEEMA Solutions Group Inc ',NULL),(6,'vettery',NULL),(7,'map staffing',NULL),(8,'cybercoders',NULL),(9,'adaptive',NULL),(10,'Synergy Interactive',NULL),(11,'Laura Ianuly Contract Recruiting',NULL),(12,'Modis',NULL),(13,'SingleSprout','One of those go-getter recruiters that blow up your phone'),(14,'TEKSystems',NULL),(15,'AscendNYC',NULL),(16,'Landover Associates',NULL),(17,'Andiamo',NULL),(18,'2U','Caution (and possibly good news): Mark Lazen is an SVP there'),(19,'Finalist',NULL),(20,'Continuity Partners',NULL),(21,'Atlantic Group',NULL),(22,'Lennon Wright',NULL),(23,'Silverlink Technologies',NULL),(24,'Shulman Fleming & Partners',NULL),(25,'Quantum Search Partners',NULL),(26,'Big Haystack Labs',NULL),(27,'Jobspring',NULL),(28,'Optima Recruitment Solutions',NULL),(29,'1872 Consulting',NULL),(30,'Venturi Ltd',NULL),(31,'Phyton Talent Advisors',NULL),(32,'Cypress Group',NULL),(34,'ISGF',NULL);
/*!40000 ALTER TABLE `recruiter` ENABLE KEYS */;
UNLOCK TABLES;

--
-- Table structure for table `roletypes`
--

DROP TABLE IF EXISTS `roletypes`;
/*!40101 SET @saved_cs_client     = @@character_set_client */;
/*!40101 SET character_set_client = utf8 */;
CREATE TABLE `roletypes` (
  `roleTypeID` int(11) NOT NULL AUTO_INCREMENT,
  `type` varchar(255) DEFAULT NULL,
  PRIMARY KEY (`roleTypeID`)
) ENGINE=InnoDB AUTO_INCREMENT=6 DEFAULT CHARSET=utf8;
/*!40101 SET character_set_client = @saved_cs_client */;

--
-- Dumping data for table `roletypes`
--

LOCK TABLES `roletypes` WRITE;
/*!40000 ALTER TABLE `roletypes` DISABLE KEYS */;
INSERT INTO `roletypes` VALUES (1,NULL),(2,'mostly code'),(3,'mostly management'),(4,'more code than management'),(5,'more management than code');
/*!40000 ALTER TABLE `roletypes` ENABLE KEYS */;
UNLOCK TABLES;

--
-- Table structure for table `specificposition`
--

DROP TABLE IF EXISTS `specificposition`;
/*!40101 SET @saved_cs_client     = @@character_set_client */;
/*!40101 SET character_set_client = utf8 */;
CREATE TABLE `specificposition` (
  `positionID` int(11) NOT NULL AUTO_INCREMENT,
  `title` varchar(255) DEFAULT NULL,
  `recruiter` int(11) DEFAULT NULL,
  `employer` int(11) DEFAULT NULL,
  `roleType` int(11) DEFAULT NULL,
  `status` int(11) DEFAULT NULL,
  `lastStatusChange` date DEFAULT NULL,
  `link` varchar(1069) DEFAULT NULL,
  `remarks` varchar(1069) DEFAULT NULL,
  `durationInWeeks` int(11) DEFAULT NULL,
  `resumeVersion` varchar(15) DEFAULT NULL,
  PRIMARY KEY (`positionID`),
  KEY `recruiter` (`recruiter`),
  KEY `employer` (`employer`),
  KEY `roleType` (`roleType`),
  KEY `status` (`status`),
  CONSTRAINT `specificposition_ibfk_1` FOREIGN KEY (`recruiter`) REFERENCES `recruiter` (`recruiterID`) ON UPDATE CASCADE,
  CONSTRAINT `specificposition_ibfk_2` FOREIGN KEY (`employer`) REFERENCES `employer` (`employerID`) ON UPDATE CASCADE,
  CONSTRAINT `specificposition_ibfk_3` FOREIGN KEY (`roleType`) REFERENCES `roletypes` (`roleTypeID`) ON UPDATE CASCADE,
  CONSTRAINT `specificposition_ibfk_4` FOREIGN KEY (`status`) REFERENCES `applicationstatus` (`applicationStatusID`) ON UPDATE CASCADE
) ENGINE=InnoDB AUTO_INCREMENT=114 DEFAULT CHARSET=utf8;
/*!40101 SET character_set_client = @saved_cs_client */;

--
-- Dumping data for table `specificposition`
--

LOCK TABLES `specificposition` WRITE;
/*!40000 ALTER TABLE `specificposition` DISABLE KEYS */;
INSERT INTO `specificposition` VALUES (1,NULL,NULL,NULL,NULL,NULL,NULL,NULL,NULL,-1,NULL),(2,'Solutions Architect',2,2,5,5,'2017-06-12',NULL,NULL,0,NULL),(3,NULL,3,1,NULL,NULL,'2017-05-21',NULL,NULL,0,NULL),(4,NULL,4,3,NULL,NULL,'2017-05-18',NULL,NULL,0,NULL),(5,'JavaScript Engineer',5,4,2,5,'2017-07-26',NULL,'Said culture was a perfect match but went for somebody with more JavaScript strength',0,NULL),(13,'Front-End Engineer Player',1,5,2,2,'2017-06-05','https://boards.greenhouse.io/vimeo/jobs/678044#.WTHBPmjytPY','is more close to my background, indepence of frameworks stressed',0,NULL),(14,'Senior Front End Engineer Creator Platform',1,5,4,1,'2017-06-02','https://boards.greenhouse.io/vimeo/jobs/559004#.WTHF5GjytPY','requires only a BA, does require knowledge of frameworks',0,NULL),(15,'Senior Front End Engieer UHX',1,5,4,1,'2017-06-02','https://boards.greenhouse.io/vimeo/jobs/622981#.WTHHJGjytPY','more of a user interface design position; otherwise a mostly good match for my skills',0,NULL),(16,'Senior Software Engineer',1,6,2,1,'2017-06-02','http://jobs.jobvite.com/okcupid/job/oKbL4fwu','more backend, languages used are a bit outside my wheelhouse. full stack. database work a plus here.',0,NULL),(17,'JavaScript Engineer',7,8,2,5,'2017-07-19',NULL,NULL,0,NULL),(18,'Email Developer',8,1,2,11,'2017-06-09','https://www.cybercoders.com/email-developer-job-355119?posId=ML-1378116&ad=CS2Matt.Lynch&utm_source=candidate&utm_medium=email&utm_campaign=new-jobs1CS',NULL,0,NULL),(19,'JavaScript engineer',1,9,2,1,'2017-06-08',NULL,'Time Inc needs to improve ad load time by 10 -  20 percent in three month\'s time. Requires ES6 experience.',12,NULL),(20,'Solutions Engineer',9,10,2,5,'2017-06-19','http://inner-active.com/careers/us/93.209/solutions-engineer/','Mobile ad tech, development and client-facing work',0,NULL),(21,'Senior Front End Developer',1,11,2,5,'2017-06-30','http://www.digital.nyc/jobs/senior-front-end-developer',NULL,0,NULL),(22,'Video Product Manager',2,12,5,2,'2017-06-13',NULL,NULL,0,NULL),(23,'Engineering Manager',1,13,5,2,'2017-06-13','http://www.digital.nyc/jobs/engineering-manager','online application',0,NULL),(24,'Engineer',1,14,2,2,'2017-06-16','http://www.digital.nyc/jobs/engineer-temboo-nyc-great-team-very-interesting-technology','internet of things. said they\'re looking for a bassist.',0,NULL),(25,'Front End Engineer',1,15,2,3,'2017-06-26','https://www.linkedin.com/jobs/view/233489651/','One floor above where I used to work',0,NULL),(26,'Full Stack Developer',1,16,2,2,'2017-06-19','https://a127-jobs.nyc.gov/?jobPath=psc/nycjobs/EMPLOYEE/HRMS/c/HRS_HRS.HRS_CE.GBL%3FPage%3DHRS_CE_JOB_DTL&Action=A&JobOpeningId=286835&SiteId=1&PostingSeq=1',NULL,0,NULL),(27,'Front End Web Developer',1,17,2,2,'2017-06-19',NULL,NULL,0,NULL),(28,'Front End Developer',1,18,2,12,'2017-06-28','','Emphasis is on React. Cryptocurrency. Is in Brooklyn.',0,NULL),(29,'Front-End Developer: Javascript, Angular, Python',1,19,2,2,'2017-06-29','https://www.linkedin.com/jobs/view/327521348/','Would need to bone up on my Angular and React. Does have emphasis on actionable data.',0,NULL),(30,'Senior Software Engineer',1,20,2,2,'2017-06-29','https://www.linkedin.com/jobs/view/319104506/','IAS application. jobvite gave me a lot of pushback trying to complete the application.',0,NULL),(31,'Observability Engineer',1,21,2,2,'2017-07-10','https://www.linkedin.com/jobs/view/339304353/','Uber. Application is through icims via Uber\'s website.',0,NULL),(32,'Software Engineer',10,23,2,11,'2017-07-12',NULL,'Is largely a PHP/Lamo position',0,NULL),(33,'Software Engineer',1,22,2,24,'2017-07-11','https://www.linkedin.com/jobs/view/355654183/','Pinged David McLary about this role.',0,NULL),(36,'Ad Technology Full Stack Engineer',11,24,2,21,'2017-07-31',NULL,NULL,0,NULL),(37,'Software Engineer',1,25,2,2,'2017-07-12','https://www.linkedin.com/jobs/view/355664599/',NULL,0,NULL),(38,'JavaScript Engineer',1,26,2,18,'2017-07-19','https://www.linkedin.com/jobs/view/355663241/','Is with online advertising/programmatic. Have sent resume, not interested enough to write a cover letter though',0,NULL),(39,'JavaScript Engineer',10,4,2,11,'2017-07-12',NULL,'Probably same job at JW Player that I am interviewing for on 2017/7/18, but different recruiter',0,NULL),(40,'Software Engineer',12,27,1,15,'2017-07-12',NULL,'Ed Tech position in Brooklyn',0,NULL),(41,'No position specified: Torrential',1,28,2,1,'2017-07-12',NULL,NULL,0,NULL),(42,'No position specified: Ziff Davis',1,29,2,1,'2017-07-19',NULL,NULL,NULL,NULL),(43,'No position specified: WebMD',1,30,2,1,'2017-07-20',NULL,NULL,NULL,NULL),(44,'Employer TBD: Aman Grewel',13,1,2,14,'2017-07-24',NULL,NULL,NULL,NULL),(45,'Employer TBD: Marcus Alicea',14,1,2,1,'2017-07-22',NULL,NULL,NULL,NULL),(46,'Employer TBD: Ascend NYC',15,1,2,1,'2017-07-22',NULL,NULL,NULL,NULL),(47,'Front end software engineer',1,31,2,2,'2017-07-24',NULL,NULL,NULL,NULL),(48,'Employer TBD: Landover Associates',16,1,2,1,'2017-07-24',NULL,NULL,NULL,NULL),(49,'React and Node JS Engineer and Developer',1,32,2,2,'2017-07-24','https://www.linkedin.com/jobs/view/342392710/',NULL,NULL,NULL),(50,'Senior Software Engineer',1,33,2,2,'2017-07-24','https://www.linkedin.com/jobs/view/398764058/',NULL,NULL,NULL),(51,'Senior Front End Developer',17,1,2,2,'2017-07-24','https://www.linkedin.com/jobs/view/371579329/',NULL,NULL,NULL),(52,'TBD with SkillShare',1,35,2,1,'2017-07-27',NULL,NULL,NULL,NULL),(53,'Employer TBD through singlesprout',13,1,2,15,'2017-07-26',NULL,NULL,NULL,NULL),(54,'Employer TBD: Andiamo',17,1,2,1,'2017-07-26',NULL,NULL,NULL,NULL),(55,'Position TBD: Updater',13,36,2,11,'2017-07-31',NULL,NULL,NULL,NULL),(56,'Position TBD: Cadre',1,37,2,1,'2017-07-27',NULL,NULL,NULL,NULL),(57,'Position TBD: Datto',1,38,2,11,'2017-07-27',NULL,NULL,NULL,NULL),(58,'Position TBD: Quip',1,39,2,25,'2017-07-27',NULL,NULL,NULL,NULL),(59,'Position TBD: Healththify',1,41,2,25,'2017-07-27',NULL,NULL,NULL,NULL),(60,'Position TBD: Elysium Health',13,42,2,25,'2017-07-28',NULL,NULL,NULL,NULL),(61,'Position TBD: 2U',13,43,2,11,'2017-07-31',NULL,NULL,NULL,NULL),(62,'Web Application Developer',17,44,2,2,'2017-07-28',NULL,NULL,NULL,NULL),(63,'Position TBD: Bolt',1,45,1,1,'2019-01-22',NULL,NULL,NULL,NULL),(64,'Position TBD: Bibblio',1,46,1,6,'2019-01-23',NULL,'Reading the LinkedIn thread more closely, I see that they\'re interested in working with SheKnows rather than me.',NULL,NULL),(65,'Integrations Engineer',1,47,2,5,'2019-02-01','https://careers.knotch.it/jobs/engineering/integrations-engineer.html?gh_jid=1398591',NULL,NULL,NULL),(66,'Ad Integrations & Experience Team Manager',17,48,4,11,'2019-01-23',NULL,NULL,NULL,NULL),(67,'Position TBD: Veebot',1,50,1,1,'2019-01-23',NULL,NULL,NULL,NULL),(68,'Full Stack with Node.js',5,51,2,1,'2019-01-23',NULL,NULL,NULL,NULL),(69,'Front End Developer, ad tech',1,7,2,2,'2019-01-28','http://jobs.jobvite.com/careers/dotdash/job/oLUf9fwN?__jvst=Career+Site','May be a bit junior',NULL,NULL),(70,'Senior Software Engineer',1,52,2,5,'2019-02-01','https://careers.jobscore.com/careers/dailyburn/jobs/senior-software-engineer-c_6Ro69nOr6jmQdNDWqL8o?ref=rss&sid=68','Is not junior, there are some things I\'ll need to learn for this.',NULL,NULL),(71,'Senior Software Engineer (Full Stack)',1,53,2,11,'2019-01-28','https://prometheusglobalmedia.applytojob.com/apply/YQXW5Z59f7/Senior-Software-Engineer-Full-Stack','Arranged by Manny',NULL,NULL),(72,'Full Stack Engineer',1,54,2,25,'2019-01-31','https://boards.greenhouse.io/feather/jobs/4136171002',NULL,NULL,NULL),(73,'Senior Software Engineer (Front End, Ad Tech)',1,53,2,20,'2019-02-08','https://prometheusglobalmedia.applytojob.com/apply/QPMeXjB5pK/Senior-Software-Engineer-FrontEnd-Ad-Tech','Second position at Prometheus',NULL,NULL),(74,'TBD: Vettery (recruiter)',6,1,1,1,'2019-01-28',NULL,NULL,NULL,NULL),(75,'Senior Software Engineer',1,54,2,8,'2019-02-05','https://angel.co/feather/jobs/392919-senior-software-engineer','This seems to be another position at Feather... which *may* be a better fit than the fullstack and pays a lot better',NULL,NULL),(76,'Full Stack Engineer',6,55,2,3,'2019-02-08',NULL,NULL,NULL,NULL),(77,'Front End Developer',6,56,2,6,'2019-02-07',NULL,NULL,NULL,NULL),(78,'Full Stack Developer',19,57,2,1,'2019-02-07',NULL,'Is a work-from-home role',NULL,NULL),(79,'Senior Software Engineer',19,58,2,1,'2019-02-07',NULL,NULL,NULL,NULL),(80,'Senior Full Stack Engineer',19,59,2,1,'2019-02-07',NULL,NULL,NULL,NULL),(81,'Lead Full Stack Engineer',20,60,2,1,'2019-02-07','https://docs.google.com/document/d/1KoHj8RMfO1LpTnMM5LjI7mzxxcv-kJw3KTovYXUfSVM/edit?is=5c5b14a50c51f126dc04d1af',NULL,NULL,NULL),(82,'Position TBD: SingleSprout',13,1,1,1,'2019-02-07',NULL,NULL,NULL,NULL),(83,'Senior Software Engineer',1,61,2,6,'2019-02-08',NULL,NULL,NULL,NULL),(84,'UI Engineer',6,62,2,6,'2019-02-07','https://www.onepeloton.com/company/careers/218794',NULL,NULL,NULL),(85,'TBD at Atlantic Group',21,1,1,1,'2019-02-07',NULL,NULL,NULL,NULL),(86,'TBD: Med tech via Lennon Wright',22,1,1,6,'2019-02-08',NULL,NULL,NULL,NULL),(87,'Senior Front End Engineer',6,63,2,6,'2019-02-08',NULL,NULL,NULL,NULL),(88,'UI Front End Lead',23,64,2,1,'2019-02-07',NULL,NULL,NULL,NULL),(89,'UI Front End Developer',23,64,2,1,'2019-02-07',NULL,NULL,NULL,NULL),(90,'Employer TBD, position to do with serverless architectures',24,1,2,25,'2019-02-08',NULL,NULL,NULL,NULL),(91,'Discover Communications: Senior Front End Engineer, Ad Tech',25,33,2,3,'2019-02-08',NULL,NULL,NULL,NULL),(92,'Senior Front End Engineer',1,65,4,1,'2019-02-07','https://www.amazon.jobs/en/jobs/769555/senior-front-end-engineer','May be a stretch for me. Emphasis on architecture and some other experience that I lack',NULL,NULL),(93,'Senior Front End Engineer',1,66,2,6,'2019-02-08',NULL,NULL,NULL,NULL),(94,'TBD JobSpring',27,1,1,1,'2020-04-16',NULL,NULL,NULL,NULL),(95,'TBD Freestar',1,67,1,2,'2020-04-17',NULL,NULL,NULL,'2020.04.16'),(96,'Senior Full Stack Engineer',27,68,2,2,'2020-04-17',NULL,NULL,NULL,'2020.04.16'),(97,'Principal Front End Developer',28,69,2,2,'2020-04-24',NULL,NULL,NULL,'2020.04.23'),(98,'Senior Front End Engineer',29,70,2,2,'2020-04-21',NULL,NULL,NULL,'2020.04.16'),(99,'Lead Full Stack Engineer',30,6,2,2,'2020-04-21',NULL,NULL,NULL,'2020.04.16'),(100,'Engineering Team Lead',31,72,4,1,'2020-03-12',NULL,'Is rather out of my more front-end ballpark although the data emphasis is interesting. Should talk to the recruiter in any case.',NULL,NULL),(101,'Senior Front End Engineer, Ad Tech',32,73,4,5,'2020-04-29',NULL,'They think I am overqualified',NULL,'2020.04.16'),(102,'Performance Ads Front End Engineer II - 2020',1,74,2,3,'2020-04-29','https://amazon.jobs/en/jobs/1079189/performance-ads-front-end-engineer-ii-2020',NULL,NULL,'2020.04.23'),(103,'Senior Front End Engineer at YieldMo',26,75,2,5,'2020-04-28',NULL,'May pull together what I liked bestabout Vindico/VIANT',0,NULL),(104,'Senior Front End Engineer at Braze',26,76,2,5,'2020-04-28',NULL,NULL,NULL,NULL),(105,'Full Stack Engineer',30,1,2,1,'2020-04-24',NULL,NULL,NULL,NULL),(107,'Sr. Software Engineer (Full-Stack PHP/LAMP stack, CMS)',34,78,2,1,'2020-04-27',NULL,NULL,NULL,NULL),(108,'Senior Developer: sports organization',25,79,2,2,'2020-04-28',NULL,NULL,NULL,'2020.04.23'),(109,'Staff Front End Developer',1,80,1,3,'2020-04-29','https://www.linkedin.com/jobs/view/1726741199/',NULL,NULL,'2020.04.23'),(110,'Senior Front End Engineer',1,81,2,3,'2020-04-30',NULL,NULL,NULL,'2020.04.23'),(111,'TBD: Up in Harlem',1,82,1,1,'2020-04-28',NULL,NULL,NULL,NULL),(112,'Ad Engineer',1,83,2,2,'2020-04-30',NULL,NULL,NULL,'2020.04.23'),(113,'Software Engineer, Front End',1,84,2,5,'2020-05-02','https://www.williamhill.com/us/careers/?gh_jid=4603847002','Is in Jersey City',NULL,'2020.04.23');
/*!40000 ALTER TABLE `specificposition` ENABLE KEYS */;
UNLOCK TABLES;
/*!40103 SET TIME_ZONE=@OLD_TIME_ZONE */;

/*!40101 SET SQL_MODE=@OLD_SQL_MODE */;
/*!40014 SET FOREIGN_KEY_CHECKS=@OLD_FOREIGN_KEY_CHECKS */;
/*!40014 SET UNIQUE_CHECKS=@OLD_UNIQUE_CHECKS */;
/*!40101 SET CHARACTER_SET_CLIENT=@OLD_CHARACTER_SET_CLIENT */;
/*!40101 SET CHARACTER_SET_RESULTS=@OLD_CHARACTER_SET_RESULTS */;
/*!40101 SET COLLATION_CONNECTION=@OLD_COLLATION_CONNECTION */;
/*!40111 SET SQL_NOTES=@OLD_SQL_NOTES */;

-- Dump completed on 2020-05-02 14:46:30
